代码,时间,收盘价(元)
600596.SH,2001/9/6,18
600596.SH,2001/9/7,17.05
600596.SH,2001/9/10,17.45
600596.SH,2001/9/11,17.28
600596.SH,2001/9/12,17.38
600596.SH,2001/9/13,17.25
600596.SH,2001/9/14,17.08
600596.SH,2001/9/17,16.95
600596.SH,2001/9/18,16.66
600596.SH,2001/9/19,16.81
600596.SH,2001/9/20,16.77
600596.SH,2001/9/21,16.7
600596.SH,2001/9/24,16.58
600596.SH,2001/9/25,16.67
600596.SH,2001/9/26,16.35
600596.SH,2001/9/27,16.4
600596.SH,2001/9/28,16.27
600596.SH,2001/10/8,15.5
600596.SH,2001/10/9,15.68
600596.SH,2001/10/10,14.65
600596.SH,2001/10/11,14.3
600596.SH,2001/10/12,14.95
600596.SH,2001/10/15,14.8
600596.SH,2001/10/16,14.31
600596.SH,2001/10/17,14.25
600596.SH,2001/10/18,13.7
600596.SH,2001/10/19,13.35
600596.SH,2001/10/22,13.14
600596.SH,2001/10/23,14.45
600596.SH,2001/10/24,15.48
600596.SH,2001/10/25,15.35
600596.SH,2001/10/26,15.83
600596.SH,2001/10/29,15.9
600596.SH,2001/10/30,15.8
600596.SH,2001/10/31,15.85
600596.SH,2001/11/1,15.75
600596.SH,2001/11/2,15.43
600596.SH,2001/11/5,15.11
600596.SH,2001/11/6,15.08
600596.SH,2001/11/7,14.15
600596.SH,2001/11/8,14.2
600596.SH,2001/11/9,14.95
600596.SH,2001/11/12,14.64
600596.SH,2001/11/13,14.41
600596.SH,2001/11/14,14.86
600596.SH,2001/11/15,15.06
600596.SH,2001/11/16,15.32
600596.SH,2001/11/19,15.65
600596.SH,2001/11/20,15.76
600596.SH,2001/11/21,15.88
600596.SH,2001/11/22,15.82
600596.SH,2001/11/23,15.59
600596.SH,2001/11/26,15.65
600596.SH,2001/11/27,15.93
600596.SH,2001/11/28,15.92
600596.SH,2001/11/29,15.8
600596.SH,2001/11/30,16.21
600596.SH,2001/12/3,16.21
600596.SH,2001/12/4,16.23
600596.SH,2001/12/5,15.8
600596.SH,2001/12/6,15.9
600596.SH,2001/12/7,15.8
600596.SH,2001/12/10,15.94
600596.SH,2001/12/11,15.93
600596.SH,2001/12/12,15.96
600596.SH,2001/12/13,15.57
600596.SH,2001/12/14,15.37
600596.SH,2001/12/17,15.43
600596.SH,2001/12/18,15.57
600596.SH,2001/12/19,15.25
600596.SH,2001/12/20,14.6
600596.SH,2001/12/21,14.78
600596.SH,2001/12/24,14.31
600596.SH,2001/12/25,14.41
600596.SH,2001/12/26,14.41
600596.SH,2001/12/27,14.41
600596.SH,2001/12/28,14.68
600596.SH,2001/12/31,14.7
600596.SH,2002/1/4,14.42
600596.SH,2002/1/7,14.1
600596.SH,2002/1/8,13.94
600596.SH,2002/1/9,14.07
600596.SH,2002/1/10,14.34
600596.SH,2002/1/11,13.9
600596.SH,2002/1/14,13.14
600596.SH,2002/1/15,13.05
600596.SH,2002/1/16,13.28
600596.SH,2002/1/17,12.61
600596.SH,2002/1/18,12.5
600596.SH,2002/1/21,11.95
600596.SH,2002/1/22,12.01
600596.SH,2002/1/23,12.94
600596.SH,2002/1/24,13.11
600596.SH,2002/1/25,12.97
600596.SH,2002/1/28,12.01
600596.SH,2002/1/29,12.23
600596.SH,2002/1/30,12.24
600596.SH,2002/1/31,13.46
600596.SH,2002/2/1,13.44
600596.SH,2002/2/4,13.68
600596.SH,2002/2/5,13.66
600596.SH,2002/2/6,13.35
600596.SH,2002/2/7,13.55
600596.SH,2002/2/8,13.7
600596.SH,2002/2/25,14.19
600596.SH,2002/2/26,14.3
600596.SH,2002/2/27,14.31
600596.SH,2002/2/28,13.92
600596.SH,2002/3/1,13.85
600596.SH,2002/3/4,14.52
600596.SH,2002/3/5,14.72
600596.SH,2002/3/6,14.78
600596.SH,2002/3/7,15.13
600596.SH,2002/3/8,15.01
600596.SH,2002/3/11,15.03
600596.SH,2002/3/12,14.86
600596.SH,2002/3/13,14.54
600596.SH,2002/3/14,14.94
600596.SH,2002/3/15,14.37
600596.SH,2002/3/18,14.39
600596.SH,2002/3/19,15.3
600596.SH,2002/3/20,15.21
600596.SH,2002/3/21,15.2
600596.SH,2002/3/22,15.07
600596.SH,2002/3/25,15.5
600596.SH,2002/3/26,15.12
600596.SH,2002/3/27,15.17
600596.SH,2002/3/28,15.13
600596.SH,2002/3/29,14.57
600596.SH,2002/4/1,14.47
600596.SH,2002/4/2,13.91
600596.SH,2002/4/3,13.96
600596.SH,2002/4/4,14.37
600596.SH,2002/4/5,14.17
600596.SH,2002/4/8,14.18
600596.SH,2002/4/9,14.49
600596.SH,2002/4/10,14.56
600596.SH,2002/4/11,14.18
600596.SH,2002/4/12,14.18
600596.SH,2002/4/15,13.94
600596.SH,2002/4/16,13.92
600596.SH,2002/4/17,14.11
600596.SH,2002/4/18,14.33
600596.SH,2002/4/19,14.42
600596.SH,2002/4/22,14.5
600596.SH,2002/4/23,14.4
600596.SH,2002/4/24,14.23
600596.SH,2002/4/25,14.08
600596.SH,2002/4/26,14.32
600596.SH,2002/4/29,14.5
600596.SH,2002/4/30,14.7
600596.SH,2002/5/8,14.4
600596.SH,2002/5/9,14
600596.SH,2002/5/10,14.18
600596.SH,2002/5/13,13.97
600596.SH,2002/5/14,13.69
600596.SH,2002/5/15,13.39
600596.SH,2002/5/16,13
600596.SH,2002/5/17,13.34
600596.SH,2002/5/20,13.15
600596.SH,2002/5/21,13.45
600596.SH,2002/5/22,13.45
600596.SH,2002/5/23,13.34
600596.SH,2002/5/24,12.96
600596.SH,2002/5/27,12.99
600596.SH,2002/5/28,13.12
600596.SH,2002/5/29,12.68
600596.SH,2002/5/30,12.59
600596.SH,2002/5/31,12.54
600596.SH,2002/6/3,12.38
600596.SH,2002/6/4,12.41
600596.SH,2002/6/5,12.21
600596.SH,2002/6/6,12.7
600596.SH,2002/6/7,12.81
600596.SH,2002/6/10,12.64
600596.SH,2002/6/11,12.68
600596.SH,2002/6/12,12.56
600596.SH,2002/6/13,12.41
600596.SH,2002/6/14,12.24
600596.SH,2002/6/17,12.2
600596.SH,2002/6/18,12.52
600596.SH,2002/6/19,12.42
600596.SH,2002/6/20,12.6
600596.SH,2002/6/21,13.03
600596.SH,2002/6/24,14.33
600596.SH,2002/6/25,14.57
600596.SH,2002/6/26,14.99
600596.SH,2002/6/27,14.9298
600596.SH,2002/6/28,14.6489
600596.SH,2002/7/1,14.4683
600596.SH,2002/7/2,14.5285
600596.SH,2002/7/3,14.5987
600596.SH,2002/7/4,14.4582
600596.SH,2002/7/5,14.388
600596.SH,2002/7/8,14.5485
600596.SH,2002/7/9,14.4984
600596.SH,2002/7/10,14.5987
600596.SH,2002/7/11,14.7492
600596.SH,2002/7/12,14.689
600596.SH,2002/7/15,14.6388
600596.SH,2002/7/16,14.6188
600596.SH,2002/7/17,14.1472
600596.SH,2002/7/18,14.1372
600596.SH,2002/7/19,14.1372
600596.SH,2002/7/22,13.9566
600596.SH,2002/7/23,13.9064
600596.SH,2002/7/24,13.9064
600596.SH,2002/7/25,13.9365
600596.SH,2002/7/26,13.8663
600596.SH,2002/7/29,13.9766
600596.SH,2002/7/30,13.9666
600596.SH,2002/7/31,13.7559
600596.SH,2002/8/1,13.6555
600596.SH,2002/8/2,13.7157
600596.SH,2002/8/5,13.6154
600596.SH,2002/8/6,13.7459
600596.SH,2002/8/7,13.7459
600596.SH,2002/8/8,13.8462
600596.SH,2002/8/9,13.6656
600596.SH,2002/8/12,13.4649
600596.SH,2002/8/13,13.3545
600596.SH,2002/8/14,13.3846
600596.SH,2002/8/15,13.2843
600596.SH,2002/8/16,13.485
600596.SH,2002/8/19,13.4348
600596.SH,2002/8/20,13.6154
600596.SH,2002/8/21,13.6555
600596.SH,2002/8/22,13.8161
600596.SH,2002/8/23,13.5853
600596.SH,2002/8/26,13.4448
600596.SH,2002/8/27,13.8161
600596.SH,2002/8/28,13.776
600596.SH,2002/8/29,13.6254
600596.SH,2002/8/30,13.6254
600596.SH,2002/9/2,13.7459
600596.SH,2002/9/3,13.8061
600596.SH,2002/9/4,13.6756
600596.SH,2002/9/5,13.4448
600596.SH,2002/9/6,13.3746
600596.SH,2002/9/9,13.3746
600596.SH,2002/9/10,13.3846
600596.SH,2002/9/11,13.3445
600596.SH,2002/9/12,13.4147
600596.SH,2002/9/13,13.4448
600596.SH,2002/9/16,13.4147
600596.SH,2002/9/17,13.4749
600596.SH,2002/9/18,13.4147
600596.SH,2002/9/19,13.5953
600596.SH,2002/9/20,13.5251
600596.SH,2002/9/23,13.495
600596.SH,2002/9/24,13.5552
600596.SH,2002/9/25,13.6254
600596.SH,2002/9/26,13.4448
600596.SH,2002/9/27,13.2843
600596.SH,2002/10/8,13.1238
600596.SH,2002/10/9,12.9231
600596.SH,2002/10/10,12.8428
600596.SH,2002/10/11,12.592
600596.SH,2002/10/14,12.602
600596.SH,2002/10/15,12.3713
600596.SH,2002/10/16,12.5218
600596.SH,2002/10/17,12.3311
600596.SH,2002/10/18,12.4415
600596.SH,2002/10/21,12.4917
600596.SH,2002/10/22,12.6622
600596.SH,2002/10/23,12.6622
600596.SH,2002/10/24,12.4616
600596.SH,2002/10/25,12.281
600596.SH,2002/10/28,12.2308
600596.SH,2002/10/29,12.1405
600596.SH,2002/10/30,12.0502
600596.SH,2002/10/31,12.1104
600596.SH,2002/11/1,12.0903
600596.SH,2002/11/4,12.2208
600596.SH,2002/11/5,12.5418
600596.SH,2002/11/6,12.4616
600596.SH,2002/11/7,12.5619
600596.SH,2002/11/8,12.1405
600596.SH,2002/11/11,12.0402
600596.SH,2002/11/12,11.6489
600596.SH,2002/11/13,11.5586
600596.SH,2002/11/14,11.3479
600596.SH,2002/11/15,11.3378
600596.SH,2002/11/18,11.2776
600596.SH,2002/11/19,11.5485
600596.SH,2002/11/20,11.0468
600596.SH,2002/11/21,10.6555
600596.SH,2002/11/22,10.6957
600596.SH,2002/11/25,10.806
600596.SH,2002/11/26,10.4649
600596.SH,2002/11/27,10.495
600596.SH,2002/11/28,10.7559
600596.SH,2002/11/29,10.9866
600596.SH,2002/12/2,10.6555
600596.SH,2002/12/3,10.7559
600596.SH,2002/12/4,10.8963
600596.SH,2002/12/5,10.8963
600596.SH,2002/12/6,10.8462
600596.SH,2002/12/9,10.7157
600596.SH,2002/12/10,10.5652
600596.SH,2002/12/11,10.5351
600596.SH,2002/12/12,10.6355
600596.SH,2002/12/13,10.7759
600596.SH,2002/12/16,10.8361
600596.SH,2002/12/17,10.9164
600596.SH,2002/12/18,10.8261
600596.SH,2002/12/19,10.9064
600596.SH,2002/12/20,10.9465
600596.SH,2002/12/23,10.9565
600596.SH,2002/12/24,10.8863
600596.SH,2002/12/25,10.8763
600596.SH,2002/12/26,10.4348
600596.SH,2002/12/27,10.3244
600596.SH,2002/12/30,9.9331
600596.SH,2002/12/31,9.7224
600596.SH,2003/1/2,9.4515
600596.SH,2003/1/3,9.5418
600596.SH,2003/1/6,9.7224
600596.SH,2003/1/7,9.7124
600596.SH,2003/1/8,10.0234
600596.SH,2003/1/9,10.2341
600596.SH,2003/1/10,10.1238
600596.SH,2003/1/13,10.1137
600596.SH,2003/1/14,10.6154
600596.SH,2003/1/15,10.5753
600596.SH,2003/1/16,10.9666
600596.SH,2003/1/17,10.7458
600596.SH,2003/1/20,10.7157
600596.SH,2003/1/21,10.485
600596.SH,2003/1/22,10.4448
600596.SH,2003/1/23,10.4248
600596.SH,2003/1/24,10.6154
600596.SH,2003/1/27,10.7157
600596.SH,2003/1/28,10.796
600596.SH,2003/1/29,10.9866
600596.SH,2003/2/10,10.796
600596.SH,2003/2/11,11.0268
600596.SH,2003/2/12,11.1472
600596.SH,2003/2/13,11.1371
600596.SH,2003/2/14,11.1171
600596.SH,2003/2/17,10.9164
600596.SH,2003/2/18,10.9064
600596.SH,2003/2/19,11.0569
600596.SH,2003/2/20,11.1873
600596.SH,2003/2/21,10.8963
600596.SH,2003/2/24,11.0769
600596.SH,2003/2/25,11.398
600596.SH,2003/2/26,11.398
600596.SH,2003/2/27,11.3178
600596.SH,2003/2/28,11.2877
600596.SH,2003/3/3,11.4984
600596.SH,2003/3/4,11.4482
600596.SH,2003/3/5,11.3579
600596.SH,2003/3/6,11.0468
600596.SH,2003/3/7,10.9866
600596.SH,2003/3/10,10.796
600596.SH,2003/3/11,10.7659
600596.SH,2003/3/12,10.8361
600596.SH,2003/3/13,10.7358
600596.SH,2003/3/14,10.7559
600596.SH,2003/3/17,10.5552
600596.SH,2003/3/18,10.4549
600596.SH,2003/3/19,10.5552
600596.SH,2003/3/20,10.5552
600596.SH,2003/3/21,10.6154
600596.SH,2003/3/24,10.5351
600596.SH,2003/3/25,10.3345
600596.SH,2003/3/26,10.194
600596.SH,2003/3/27,10.5351
600596.SH,2003/3/28,10.505
600596.SH,2003/3/31,10.6054
600596.SH,2003/4/1,10.6957
600596.SH,2003/4/2,10.6355
600596.SH,2003/4/3,10.8161
600596.SH,2003/4/4,10.8361
600596.SH,2003/4/7,10.7157
600596.SH,2003/4/8,10.6756
600596.SH,2003/4/9,10.6254
600596.SH,2003/4/10,10.8361
600596.SH,2003/4/11,11.1171
600596.SH,2003/4/14,11.2576
600596.SH,2003/4/15,11.2475
600596.SH,2003/4/16,10.9164
600596.SH,2003/4/17,10.7358
600596.SH,2003/4/18,10.8462
600596.SH,2003/4/21,10.5351
600596.SH,2003/4/22,10.485
600596.SH,2003/4/23,10.3044
600596.SH,2003/4/24,10.0636
600596.SH,2003/4/25,9.9331
600596.SH,2003/4/28,10.1338
600596.SH,2003/4/29,9.8228
600596.SH,2003/4/30,9.883
600596.SH,2003/5/12,9.4816
600596.SH,2003/5/13,9.0301
600596.SH,2003/5/14,9.1606
600596.SH,2003/5/15,9.5318
600596.SH,2003/5/16,9.4515
600596.SH,2003/5/19,9.3813
600596.SH,2003/5/20,9.3813
600596.SH,2003/5/21,9.3311
600596.SH,2003/5/22,9.3813
600596.SH,2003/5/23,9.4415
600596.SH,2003/5/26,9.6221
600596.SH,2003/5/27,9.6522
600596.SH,2003/5/28,9.6121
600596.SH,2003/5/29,9.6923
600596.SH,2003/5/30,9.903
600596.SH,2003/6/2,10.0335
600596.SH,2003/6/3,9.9331
600596.SH,2003/6/4,9.883
600596.SH,2003/6/5,9.7626
600596.SH,2003/6/6,9.592
600596.SH,2003/6/9,9.4214
600596.SH,2003/6/10,9.5017
600596.SH,2003/6/11,9.7124
600596.SH,2003/6/12,9.7124
600596.SH,2003/6/13,9.8729
600596.SH,2003/6/16,9.8228
600596.SH,2003/6/17,9.8328
600596.SH,2003/6/18,9.7927
600596.SH,2003/6/19,9.6496
600596.SH,2003/6/20,9.6087
600596.SH,2003/6/23,9.5269
600596.SH,2003/6/24,9.4553
600596.SH,2003/6/25,9.3736
600596.SH,2003/6/26,9.4553
600596.SH,2003/6/27,9.3633
600596.SH,2003/6/30,9.2918
600596.SH,2003/7/1,9.2918
600596.SH,2003/7/2,9.394
600596.SH,2003/7/3,9.3633
600596.SH,2003/7/4,9.3225
600596.SH,2003/7/7,9.21
600596.SH,2003/7/8,9.2305
600596.SH,2003/7/9,9.1385
600596.SH,2003/7/10,9.3736
600596.SH,2003/7/11,9.2305
600596.SH,2003/7/14,9.1487
600596.SH,2003/7/15,9.2816
600596.SH,2003/7/16,9.3429
600596.SH,2003/7/17,9.3327
600596.SH,2003/7/18,9.1896
600596.SH,2003/7/21,8.9442
600596.SH,2003/7/22,8.9442
600596.SH,2003/7/23,9.026
600596.SH,2003/7/24,9.026
600596.SH,2003/7/25,8.9953
600596.SH,2003/7/28,9.026
600596.SH,2003/7/29,9.1793
600596.SH,2003/7/30,9.302
600596.SH,2003/7/31,8.9953
600596.SH,2003/8/1,8.7909
600596.SH,2003/8/4,8.8625
600596.SH,2003/8/5,8.9647
600596.SH,2003/8/6,8.9851
600596.SH,2003/8/7,8.9851
600596.SH,2003/8/8,8.9442
600596.SH,2003/8/11,8.9953
600596.SH,2003/8/12,9.0771
600596.SH,2003/8/13,9.0056
600596.SH,2003/8/14,8.9851
600596.SH,2003/8/15,8.9953
600596.SH,2003/8/18,8.8727
600596.SH,2003/8/19,8.9851
600596.SH,2003/8/20,9.026
600596.SH,2003/8/21,9.0771
600596.SH,2003/8/22,9.1487
600596.SH,2003/8/25,9.0567
600596.SH,2003/8/26,8.9953
600596.SH,2003/8/27,9.0465
600596.SH,2003/8/28,8.9851
600596.SH,2003/8/29,8.9442
600596.SH,2003/9/1,9.1385
600596.SH,2003/9/2,9.1078
600596.SH,2003/9/3,9.2305
600596.SH,2003/9/4,9.21
600596.SH,2003/9/5,9.0873
600596.SH,2003/9/8,9.0669
600596.SH,2003/9/9,8.9953
600596.SH,2003/9/10,8.934
600596.SH,2003/9/11,8.8931
600596.SH,2003/9/12,9.026
600596.SH,2003/9/15,8.7602
600596.SH,2003/9/16,8.8318
600596.SH,2003/9/17,8.7909
600596.SH,2003/9/18,8.7602
600596.SH,2003/9/19,8.75
600596.SH,2003/9/22,8.6989
600596.SH,2003/9/23,8.7194
600596.SH,2003/9/24,8.7909
600596.SH,2003/9/25,8.6887
600596.SH,2003/9/26,8.5865
600596.SH,2003/9/29,8.3207
600596.SH,2003/9/30,8.2491
600596.SH,2003/10/8,8.1776
600596.SH,2003/10/9,8.1571
600596.SH,2003/10/10,8.3616
600596.SH,2003/10/13,8.2083
600596.SH,2003/10/14,7.9732
600596.SH,2003/10/15,7.9629
600596.SH,2003/10/16,7.738
600596.SH,2003/10/17,7.6767
600596.SH,2003/10/20,7.6154
600596.SH,2003/10/21,7.5847
600596.SH,2003/10/22,7.7789
600596.SH,2003/10/23,7.6052
600596.SH,2003/10/24,7.6154
600596.SH,2003/10/27,7.4109
600596.SH,2003/10/28,7.5132
600596.SH,2003/10/29,7.4314
600596.SH,2003/10/30,7.2985
600596.SH,2003/10/31,7.4109
600596.SH,2003/11/3,7.4416
600596.SH,2003/11/4,7.5234
600596.SH,2003/11/5,7.7074
600596.SH,2003/11/6,7.3394
600596.SH,2003/11/7,6.8794
600596.SH,2003/11/10,6.8692
600596.SH,2003/11/11,6.9612
600596.SH,2003/11/12,6.8692
600596.SH,2003/11/13,6.8998
600596.SH,2003/11/14,7.0021
600596.SH,2003/11/17,6.9816
600596.SH,2003/11/18,6.8804
600596.SH,2003/11/19,6.9513
600596.SH,2003/11/20,7.2447
600596.SH,2003/11/21,7.0626
600596.SH,2003/11/24,7.3661
600596.SH,2003/11/25,7.4167
600596.SH,2003/11/26,7.9327
600596.SH,2003/11/27,7.6393
600596.SH,2003/11/28,7.6494
600596.SH,2003/12/1,7.7203
600596.SH,2003/12/2,7.609
600596.SH,2003/12/3,7.7911
600596.SH,2003/12/4,7.7708
600596.SH,2003/12/5,7.7506
600596.SH,2003/12/8,7.5381
600596.SH,2003/12/9,7.5786
600596.SH,2003/12/10,7.6899
600596.SH,2003/12/11,7.9024
600596.SH,2003/12/12,7.8012
600596.SH,2003/12/15,7.6899
600596.SH,2003/12/16,7.6292
600596.SH,2003/12/17,7.4369
600596.SH,2003/12/18,7.1739
600596.SH,2003/12/19,6.8197
600596.SH,2003/12/22,7.1536
600596.SH,2003/12/23,7.2245
600596.SH,2003/12/24,7.2852
600596.SH,2003/12/25,7.3459
600596.SH,2003/12/26,7.4066
600596.SH,2003/12/29,7.2852
600596.SH,2003/12/30,7.3965
600596.SH,2003/12/31,7.4875
600596.SH,2004/1/2,7.4673
600596.SH,2004/1/5,7.3863
600596.SH,2004/1/6,7.3661
600596.SH,2004/1/7,7.5786
600596.SH,2004/1/8,7.8214
600596.SH,2004/1/9,7.6798
600596.SH,2004/1/12,7.8619
600596.SH,2004/1/13,7.872
600596.SH,2004/1/14,7.9024
600596.SH,2004/1/15,7.7607
600596.SH,2004/1/16,7.9732
600596.SH,2004/1/29,8.3577
600596.SH,2004/1/30,8.3881
600596.SH,2004/2/2,8.7624
600596.SH,2004/2/3,8.7017
600596.SH,2004/2/4,8.7827
600596.SH,2004/2/5,8.9547
600596.SH,2004/2/6,8.8636
600596.SH,2004/2/9,9.2886
600596.SH,2004/2/10,9.066
600596.SH,2004/2/11,8.9547
600596.SH,2004/2/12,8.9952
600596.SH,2004/2/13,8.8434
600596.SH,2004/2/16,9.0255
600596.SH,2004/2/17,9.1166
600596.SH,2004/2/18,9.0457
600596.SH,2004/2/19,9.2178
600596.SH,2004/2/20,9.3695
600596.SH,2004/2/23,8.9446
600596.SH,2004/2/24,8.8434
600596.SH,2004/2/25,8.6208
600596.SH,2004/2/26,8.6208
600596.SH,2004/2/27,8.6815
600596.SH,2004/3/1,8.6714
600596.SH,2004/3/2,8.6916
600596.SH,2004/3/3,8.8636
600596.SH,2004/3/4,8.9041
600596.SH,2004/3/5,8.8839
600596.SH,2004/3/8,8.6815
600596.SH,2004/3/9,8.5601
600596.SH,2004/3/10,8.7017
600596.SH,2004/3/11,8.7624
600596.SH,2004/3/12,8.6916
600596.SH,2004/3/15,8.7422
600596.SH,2004/3/16,8.8333
600596.SH,2004/3/17,9.0862
600596.SH,2004/3/18,8.9446
600596.SH,2004/3/19,9.0457
600596.SH,2004/3/22,9.2076
600596.SH,2004/3/23,9.2481
600596.SH,2004/3/24,9.1874
600596.SH,2004/3/25,9.066
600596.SH,2004/3/26,9.6427
600596.SH,2004/3/29,9.9766
600596.SH,2004/3/30,10.4218
600596.SH,2004/3/31,10.604
600596.SH,2004/4/1,10.8164
600596.SH,2004/4/2,11.3122
600596.SH,2004/4/5,12.4455
600596.SH,2004/4/6,12.4657
600596.SH,2004/4/7,12.1318
600596.SH,2004/4/8,12.658
600596.SH,2004/4/9,12.2532
600596.SH,2004/4/12,13.0728
600596.SH,2004/4/13,12.5871
600596.SH,2004/4/14,12.3443
600596.SH,2004/4/15,12.0205
600596.SH,2004/4/16,11.9598
600596.SH,2004/4/19,11.8485
600596.SH,2004/4/20,12.0205
600596.SH,2004/4/21,12.1521
600596.SH,2004/4/22,12.1419
600596.SH,2004/4/23,11.9396
600596.SH,2004/4/26,12.0306
600596.SH,2004/4/27,11.2617
600596.SH,2004/4/28,11.5146
600596.SH,2004/4/29,10.6546
600596.SH,2004/4/30,10.5028
600596.SH,2004/5/10,10.4724
600596.SH,2004/5/11,10.6546
600596.SH,2004/5/12,11.6158
600596.SH,2004/5/13,11.6057
600596.SH,2004/5/14,11.3527
600596.SH,2004/5/17,10.6343
600596.SH,2004/5/18,10.6343
600596.SH,2004/5/19,10.695
600596.SH,2004/5/20,10.7962
600596.SH,2004/5/21,10.7861
600596.SH,2004/5/24,10.5837
600596.SH,2004/5/25,10.1689
600596.SH,2004/5/26,10.3409
600596.SH,2004/5/27,10.4724
600596.SH,2004/5/28,10.5837
600596.SH,2004/5/31,10.4522
600596.SH,2004/6/1,10.887
600596.SH,2004/6/2,11.1305
600596.SH,2004/6/3,10.8696
600596.SH,2004/6/4,11.0783
600596.SH,2004/6/7,10.9218
600596.SH,2004/6/8,10.8696
600596.SH,2004/6/9,10.3305
600596.SH,2004/6/10,10.4696
600596.SH,2004/6/11,10.2957
600596.SH,2004/6/14,10
600596.SH,2004/6/15,10.1739
600596.SH,2004/6/16,10.4174
600596.SH,2004/6/17,10.7478
600596.SH,2004/6/18,10.487
600596.SH,2004/6/21,10.7478
600596.SH,2004/6/22,11.1478
600596.SH,2004/6/23,11.1131
600596.SH,2004/6/24,10.8174
600596.SH,2004/6/25,10.5218
600596.SH,2004/6/28,10.6435
600596.SH,2004/6/29,10.7305
600596.SH,2004/6/30,10.4696
600596.SH,2004/7/1,11.0435
600596.SH,2004/7/2,11.7044
600596.SH,2004/7/5,11.6696
600596.SH,2004/7/6,11.7391
600596.SH,2004/7/7,11.4783
600596.SH,2004/7/8,11.6522
600596.SH,2004/7/9,11.4087
600596.SH,2004/7/12,11.3218
600596.SH,2004/7/13,11.4783
600596.SH,2004/7/14,11.6
600596.SH,2004/7/15,11.9131
600596.SH,2004/7/16,12.1913
600596.SH,2004/7/19,12.2435
600596.SH,2004/7/20,11.9478
600596.SH,2004/7/21,11.9131
600596.SH,2004/7/22,11.7565
600596.SH,2004/7/23,11.9478
600596.SH,2004/7/26,11.7218
600596.SH,2004/7/27,11.5131
600596.SH,2004/7/28,10.9565
600596.SH,2004/7/29,10.887
600596.SH,2004/7/30,10.1913
600596.SH,2004/8/2,9.3739
600596.SH,2004/8/3,9.5131
600596.SH,2004/8/4,9.9652
600596.SH,2004/8/5,9.8957
600596.SH,2004/8/6,10.0348
600596.SH,2004/8/9,10
600596.SH,2004/8/10,10.1739
600596.SH,2004/8/11,10.1565
600596.SH,2004/8/12,10.5218
600596.SH,2004/8/13,10.6609
600596.SH,2004/8/16,10.7131
600596.SH,2004/8/17,10.8
600596.SH,2004/8/18,10.8696
600596.SH,2004/8/19,10.7305
600596.SH,2004/8/20,10.2957
600596.SH,2004/8/23,10.2609
600596.SH,2004/8/24,10.6261
600596.SH,2004/8/25,10.5218
600596.SH,2004/8/26,10.5218
600596.SH,2004/8/27,10.5565
600596.SH,2004/8/30,10.5913
600596.SH,2004/8/31,10.8348
600596.SH,2004/9/1,10.6957
600596.SH,2004/9/2,10.7131
600596.SH,2004/9/3,10.9565
600596.SH,2004/9/6,10.9565
600596.SH,2004/9/7,10.9391
600596.SH,2004/9/8,10.9565
600596.SH,2004/9/9,10.7131
600596.SH,2004/9/10,10.7305
600596.SH,2004/9/13,10.4522
600596.SH,2004/9/14,10.8174
600596.SH,2004/9/15,11.2
600596.SH,2004/9/16,11.3044
600596.SH,2004/9/17,11.6522
600596.SH,2004/9/20,12.1044
600596.SH,2004/9/21,11.8087
600596.SH,2004/9/22,11.4957
600596.SH,2004/9/23,11.8435
600596.SH,2004/9/24,12.2435
600596.SH,2004/9/27,12.5739
600596.SH,2004/9/28,12.8696
600596.SH,2004/9/29,12.5913
600596.SH,2004/9/30,12.7131
600596.SH,2004/10/8,12.9739
600596.SH,2004/10/11,12.8174
600596.SH,2004/10/12,11.9131
600596.SH,2004/10/13,12.0696
600596.SH,2004/10/14,12
600596.SH,2004/10/15,11.8957
600596.SH,2004/10/18,11.8609
600596.SH,2004/10/19,12
600596.SH,2004/10/20,12.1218
600596.SH,2004/10/21,12.487
600596.SH,2004/10/22,12.6261
600596.SH,2004/10/25,12.4174
600596.SH,2004/10/26,12.7131
600596.SH,2004/10/27,12.9913
600596.SH,2004/10/28,12.7652
600596.SH,2004/10/29,12.6957
600596.SH,2004/11/1,12.3305
600596.SH,2004/11/2,12.3478
600596.SH,2004/11/3,12.7305
600596.SH,2004/11/4,12.4348
600596.SH,2004/11/5,12.3305
600596.SH,2004/11/8,12.3826
600596.SH,2004/11/9,12.3305
600596.SH,2004/11/10,12.8174
600596.SH,2004/11/11,12.9044
600596.SH,2004/11/12,12.9739
600596.SH,2004/11/15,13.3913
600596.SH,2004/11/16,13.687
600596.SH,2004/11/17,13.5478
600596.SH,2004/11/18,13.9305
600596.SH,2004/11/19,13.8087
600596.SH,2004/11/22,13.6348
600596.SH,2004/11/23,13.4609
600596.SH,2004/11/24,13.4609
600596.SH,2004/11/25,13.2174
600596.SH,2004/11/26,13.3565
600596.SH,2004/11/29,13.2696
600596.SH,2004/11/30,13.6696
600596.SH,2004/12/1,13.687
600596.SH,2004/12/2,13.4261
600596.SH,2004/12/3,13.4609
600596.SH,2004/12/6,13.3739
600596.SH,2004/12/7,13.3565
600596.SH,2004/12/8,13.5826
600596.SH,2004/12/9,13.5826
600596.SH,2004/12/10,13.5305
600596.SH,2004/12/13,13.3565
600596.SH,2004/12/14,13.3565
600596.SH,2004/12/15,13.1478
600596.SH,2004/12/16,13.0087
600596.SH,2004/12/17,12.9739
600596.SH,2004/12/20,12.4174
600596.SH,2004/12/21,12.2957
600596.SH,2004/12/22,12.6609
600596.SH,2004/12/23,12.3131
600596.SH,2004/12/24,12.4
600596.SH,2004/12/27,12.2783
600596.SH,2004/12/28,12.3478
600596.SH,2004/12/29,12.4
600596.SH,2004/12/30,12.8174
600596.SH,2004/12/31,12.8522
600596.SH,2005/1/4,12.4174
600596.SH,2005/1/5,12.7131
600596.SH,2005/1/6,12.6957
600596.SH,2005/1/7,12.6783
600596.SH,2005/1/10,12.6783
600596.SH,2005/1/11,12.7131
600596.SH,2005/1/12,13.1652
600596.SH,2005/1/13,13.2174
600596.SH,2005/1/14,12.9391
600596.SH,2005/1/17,13.0435
600596.SH,2005/1/18,12.6957
600596.SH,2005/1/19,12.6957
600596.SH,2005/1/20,12.3478
600596.SH,2005/1/21,13.1478
600596.SH,2005/1/24,13.0087
600596.SH,2005/1/25,13.4957
600596.SH,2005/1/26,13.3739
600596.SH,2005/1/27,13.1478
600596.SH,2005/1/28,13.2
600596.SH,2005/1/31,13.2
600596.SH,2005/2/1,13.2174
600596.SH,2005/2/2,14.0174
600596.SH,2005/2/3,13.5652
600596.SH,2005/2/4,14.1044
600596.SH,2005/2/16,14.1739
600596.SH,2005/2/17,14.1392
600596.SH,2005/2/18,13.8261
600596.SH,2005/2/21,14.1739
600596.SH,2005/2/22,14.4
600596.SH,2005/2/23,15.1131
600596.SH,2005/2/24,15.5478
600596.SH,2005/2/25,15.4435
600596.SH,2005/2/28,15.6696
600596.SH,2005/3/1,15.1305
600596.SH,2005/3/2,14.7305
600596.SH,2005/3/3,14.8696
600596.SH,2005/3/4,14.4696
600596.SH,2005/3/7,14.9565
600596.SH,2005/3/8,15.4087
600596.SH,2005/3/9,15.5478
600596.SH,2005/3/10,14.9392
600596.SH,2005/3/11,14.9913
600596.SH,2005/3/14,15.8261
600596.SH,2005/3/15,15.8609
600596.SH,2005/3/16,15.3218
600596.SH,2005/3/17,15.4957
600596.SH,2005/3/18,15.1305
600596.SH,2005/3/21,15.1652
600596.SH,2005/3/22,15.3565
600596.SH,2005/3/23,15.6348
600596.SH,2005/3/24,15.4435
600596.SH,2005/3/25,15.2174
600596.SH,2005/3/28,15.2696
600596.SH,2005/3/29,14.8
600596.SH,2005/3/30,14.487
600596.SH,2005/3/31,14.5913
600596.SH,2005/4/1,15.3218
600596.SH,2005/4/4,14.9739
600596.SH,2005/4/5,15.3392
600596.SH,2005/4/6,15.9131
600596.SH,2005/4/7,15.8609
600596.SH,2005/4/8,16.2087
600596.SH,2005/4/11,15.7739
600596.SH,2005/4/12,15.7913
600596.SH,2005/4/13,15.8261
600596.SH,2005/4/14,16
600596.SH,2005/4/15,15.6348
600596.SH,2005/4/18,15.6348
600596.SH,2005/4/19,16.087
600596.SH,2005/4/20,16.0696
600596.SH,2005/4/21,16.6087
600596.SH,2005/4/22,16.5392
600596.SH,2005/4/25,15.9478
600596.SH,2005/4/26,16.7131
600596.SH,2005/4/27,17.1131
600596.SH,2005/4/28,17.1826
600596.SH,2005/4/29,16.8348
600596.SH,2005/5/9,16.5044
600596.SH,2005/5/10,16.4522
600596.SH,2005/5/11,15.9131
600596.SH,2005/5/12,15.5478
600596.SH,2005/5/13,15.2174
600596.SH,2005/5/16,15.3044
600596.SH,2005/5/17,15.4957
600596.SH,2005/5/18,15.3044
600596.SH,2005/5/19,15.4435
600596.SH,2005/5/20,15.3739
600596.SH,2005/5/23,14.2609
600596.SH,2005/5/24,14.487
600596.SH,2005/5/25,14.2957
600596.SH,2005/5/26,13.4609
600596.SH,2005/5/27,13.4087
600596.SH,2005/5/30,13.6348
600596.SH,2005/5/31,13.687
600596.SH,2005/6/1,13.0087
600596.SH,2005/6/2,12.5218
600596.SH,2005/6/3,12.6609
600596.SH,2005/6/6,13.1826
600596.SH,2005/6/7,13.0957
600596.SH,2005/6/8,14.4
600596.SH,2005/6/9,14.5044
600596.SH,2005/6/10,14.2261
600596.SH,2005/6/13,14.0348
600596.SH,2005/6/14,14.2087
600596.SH,2005/6/15,14.087
600596.SH,2005/6/16,14.2783
600596.SH,2005/6/17,14.5392
600596.SH,2005/6/20,15.287
600596.SH,2005/6/21,14.887
600596.SH,2005/6/22,14.8522
600596.SH,2005/6/23,14.8348
600596.SH,2005/6/24,14.8348
600596.SH,2005/6/27,15.2522
600596.SH,2005/6/28,15.1305
600596.SH,2005/6/29,14.8522
600596.SH,2005/6/30,14.087
600596.SH,2005/7/1,13.8783
600596.SH,2005/7/4,14.1739
600596.SH,2005/7/5,14.087
600596.SH,2005/7/6,14.3478
600596.SH,2005/7/7,14.4742
600596.SH,2005/7/8,14.0771
600596.SH,2005/7/11,14.023
600596.SH,2005/7/12,14.7088
600596.SH,2005/7/13,14.781
600596.SH,2005/7/14,14.8893
600596.SH,2005/7/15,14.5103
600596.SH,2005/7/18,14.4742
600596.SH,2005/7/19,14.7449
600596.SH,2005/7/20,14.781
600596.SH,2005/7/21,14.4561
600596.SH,2005/7/22,13.9688
600596.SH,2005/7/25,13.7162
600596.SH,2005/7/26,14.3659
600596.SH,2005/7/27,14.5283
600596.SH,2005/7/28,14.3659
600596.SH,2005/7/29,14.8171
600596.SH,2005/8/1,14.9976
600596.SH,2005/8/2,14.9795
600596.SH,2005/8/3,14.9615
600596.SH,2005/8/4,14.9434
600596.SH,2005/8/5,15.2502
600596.SH,2005/8/8,15.6834
600596.SH,2005/8/9,15.7375
600596.SH,2005/8/10,15.6473
600596.SH,2005/8/11,15.8458
600596.SH,2005/8/12,15.1058
600596.SH,2005/8/15,15.4488
600596.SH,2005/8/16,15.3766
600596.SH,2005/8/17,15.3044
600596.SH,2005/8/18,14.9795
600596.SH,2005/8/19,15.0878
600596.SH,2005/8/22,15.3044
600596.SH,2005/8/23,15.16
600596.SH,2005/8/24,15.16
600596.SH,2005/8/25,15.1961
600596.SH,2005/8/26,16.1346
600596.SH,2005/8/29,16.1346
600596.SH,2005/8/30,15.1419
600596.SH,2005/8/31,15.1419
600596.SH,2005/9/1,15.2322
600596.SH,2005/9/2,15.3405
600596.SH,2005/9/5,15.5209
600596.SH,2005/9/6,15.4848
600596.SH,2005/9/7,16.0985
600596.SH,2005/9/8,16.2789
600596.SH,2005/9/9,16.0443
600596.SH,2005/9/12,15.8819
600596.SH,2005/9/13,16.3692
600596.SH,2005/9/14,16.5136
600596.SH,2005/9/15,16.3692
600596.SH,2005/9/16,16.1526
600596.SH,2005/9/19,16.1887
600596.SH,2005/9/20,15.8097
600596.SH,2005/9/21,16.0082
600596.SH,2005/9/22,15.4127
600596.SH,2005/9/23,15.1239
600596.SH,2005/9/26,15.5209
600596.SH,2005/9/27,14.8351
600596.SH,2005/9/28,14.8532
600596.SH,2005/9/29,15.16
600596.SH,2005/9/30,15.6292
600596.SH,2005/10/10,15.4488
600596.SH,2005/10/11,15.6473
600596.SH,2005/10/12,16.2248
600596.SH,2005/10/13,16.2428
600596.SH,2005/10/14,15.936
600596.SH,2005/10/17,16.6399
600596.SH,2005/10/18,16.7843
600596.SH,2005/10/19,16.5858
600596.SH,2005/10/20,17.1994
600596.SH,2005/10/21,17.831
600596.SH,2005/10/24,17.7408
600596.SH,2005/10/25,16.9828
600596.SH,2005/10/26,16.4053
600596.SH,2005/10/27,16.8384
600596.SH,2005/10/28,16.6038
600596.SH,2005/10/31,16.4775
600596.SH,2005/11/1,16.4775
600596.SH,2005/11/2,17.0189
600596.SH,2005/11/3,16.5136
600596.SH,2005/11/4,16.8023
600596.SH,2005/11/7,16.8023
600596.SH,2005/11/8,16.8023
600596.SH,2005/11/9,16.7482
600596.SH,2005/11/10,16.9648
600596.SH,2005/11/11,17.452
600596.SH,2005/11/14,17.5603
600596.SH,2005/11/15,17.1272
600596.SH,2005/11/16,17.3618
600596.SH,2005/11/17,17.4159
600596.SH,2005/11/18,17.7228
600596.SH,2005/11/21,17.6867
600596.SH,2005/11/22,17.4159
600596.SH,2005/11/23,17.7588
600596.SH,2005/11/24,17.6325
600596.SH,2005/11/25,17.3077
600596.SH,2005/11/28,17.0189
600596.SH,2005/11/29,17.1091
600596.SH,2005/11/30,17.2174
600596.SH,2005/12/1,17.1633
600596.SH,2005/12/2,17.1091
600596.SH,2005/12/5,16.7843
600596.SH,2005/12/6,16.7843
600596.SH,2005/12/7,16.8926
600596.SH,2005/12/8,16.9106
600596.SH,2005/12/9,16.8745
600596.SH,2005/12/12,17.2896
600596.SH,2005/12/13,17.3618
600596.SH,2005/12/14,17.4701
600596.SH,2005/12/15,17.6686
600596.SH,2005/12/16,17.7769
600596.SH,2005/12/19,17.6145
600596.SH,2005/12/20,17.6867
600596.SH,2005/12/21,17.5242
600596.SH,2005/12/22,17.5423
600596.SH,2005/12/23,18.4086
600596.SH,2005/12/26,18.6612
600596.SH,2005/12/27,18.8056
600596.SH,2005/12/28,18.8417
600596.SH,2005/12/29,19.3109
600596.SH,2005/12/30,19.3651
600596.SH,2006/1/4,19.1124
600596.SH,2006/1/5,19.4914
600596.SH,2006/1/6,20.7728
600596.SH,2006/1/9,21.4947
600596.SH,2006/1/10,21.1157
600596.SH,2006/1/11,21.9639
600596.SH,2006/1/12,22.1264
600596.SH,2006/1/13,21.5308
600596.SH,2006/1/16,21.0977
600596.SH,2006/1/17,20.6104
600596.SH,2006/1/18,21.2601
600596.SH,2006/1/19,21.9459
600596.SH,2006/1/20,21.7474
600596.SH,2006/1/23,22.5415
600596.SH,2006/1/24,24.2379
600596.SH,2006/1/25,24.4184
600596.SH,2006/2/6,25.3569
600596.SH,2006/2/7,24.4726
600596.SH,2006/2/8,22.7219
600596.SH,2006/2/9,22.9566
600596.SH,2006/2/10,22.758
600596.SH,2006/2/13,23.8589
600596.SH,2006/2/14,23.9672
600596.SH,2006/2/15,23.8228
600596.SH,2006/2/16,22.6678
600596.SH,2006/2/17,22.2166
600596.SH,2006/2/20,21.4767
600596.SH,2006/2/21,22.0903
600596.SH,2006/2/22,22.6858
600596.SH,2006/2/23,22.5776
600596.SH,2006/2/24,23.877
600596.SH,2006/2/27,23.877
600596.SH,2006/2/28,23.877
600596.SH,2006/3/1,23.877
600596.SH,2006/3/2,23.877
600596.SH,2006/3/3,23.877
600596.SH,2006/3/6,23.877
600596.SH,2006/3/7,23.877
600596.SH,2006/3/8,23.877
600596.SH,2006/3/9,22.379
600596.SH,2006/3/10,22.7941
600596.SH,2006/3/13,23.2453
600596.SH,2006/3/14,23.4799
600596.SH,2006/3/15,23.8409
600596.SH,2006/3/16,23.8409
600596.SH,2006/3/17,23.8409
600596.SH,2006/3/20,23.8409
600596.SH,2006/3/21,23.8409
600596.SH,2006/3/22,23.8409
600596.SH,2006/3/23,23.8409
600596.SH,2006/3/24,23.8409
600596.SH,2006/3/27,23.8409
600596.SH,2006/3/28,23.8409
600596.SH,2006/3/29,23.8409
600596.SH,2006/3/30,23.8409
600596.SH,2006/3/31,23.8409
600596.SH,2006/4/3,23.8409
600596.SH,2006/4/4,23.8409
600596.SH,2006/4/5,23.8409
600596.SH,2006/4/6,23.8409
600596.SH,2006/4/7,23.8409
600596.SH,2006/4/10,23.8409
600596.SH,2006/4/11,24.2723
600596.SH,2006/4/12,22.8418
600596.SH,2006/4/13,22.8873
600596.SH,2006/4/14,23.7047
600596.SH,2006/4/17,23.0462
600596.SH,2006/4/18,22.8645
600596.SH,2006/4/19,22.4104
600596.SH,2006/4/20,21.366
600596.SH,2006/4/21,22.9327
600596.SH,2006/4/24,22.7737
600596.SH,2006/4/25,21.9563
600596.SH,2006/4/26,22.5921
600596.SH,2006/4/27,22.0244
600596.SH,2006/4/28,21.2297
600596.SH,2006/5/8,22.1834
600596.SH,2006/5/9,23.8409
600596.SH,2006/5/10,23.3868
600596.SH,2006/5/11,24.4085
600596.SH,2006/5/12,25.5211
600596.SH,2006/5/15,25.839
600596.SH,2006/5/16,23.2732
600596.SH,2006/5/17,23.8182
600596.SH,2006/5/18,23.5457
600596.SH,2006/5/19,24.3631
600596.SH,2006/5/22,24.9535
600596.SH,2006/5/23,23.0462
600596.SH,2006/5/24,21.8882
600596.SH,2006/5/25,22.1834
600596.SH,2006/5/26,22.365
600596.SH,2006/5/29,22.7964
600596.SH,2006/5/30,23.5684
600596.SH,2006/5/31,22.6375
600596.SH,2006/6/1,23.3641
600596.SH,2006/6/2,23.9771
600596.SH,2006/6/5,24.4766
600596.SH,2006/6/6,23.4549
600596.SH,2006/6/7,21.8201
600596.SH,2006/6/8,22.3877
600596.SH,2006/6/9,21.2752
600596.SH,2006/6/12,20.6848
600596.SH,2006/6/13,20.6394
600596.SH,2006/6/14,20.6621
600596.SH,2006/6/15,20.7983
600596.SH,2006/6/16,21.3433
600596.SH,2006/6/19,21.3433
600596.SH,2006/6/20,21.2979
600596.SH,2006/6/21,20.98
600596.SH,2006/6/22,21.4114
600596.SH,2006/6/23,23.0008
600596.SH,2006/6/26,23.296
600596.SH,2006/6/27,23.296
600596.SH,2006/6/28,23.9998
600596.SH,2006/6/29,24.2496
600596.SH,2006/6/30,25.2259
600596.SH,2006/7/3,25.2486
600596.SH,2006/7/4,25.4984
600596.SH,2006/7/5,24.7979
600596.SH,2006/7/6,26.0822
600596.SH,2006/7/7,26.3624
600596.SH,2006/7/10,25.8487
600596.SH,2006/7/11,25.5217
600596.SH,2006/7/12,25.0547
600596.SH,2006/7/13,23.14
600596.SH,2006/7/14,23.8172
600596.SH,2006/7/17,24.7512
600596.SH,2006/7/18,25.0547
600596.SH,2006/7/19,24.1207
600596.SH,2006/7/20,23.8405
600596.SH,2006/7/21,24.1441
600596.SH,2006/7/24,23.7004
600596.SH,2006/7/25,24.2842
600596.SH,2006/7/26,24.3776
600596.SH,2006/7/27,24.7045
600596.SH,2006/7/28,24.9847
600596.SH,2006/7/31,24.471
600596.SH,2006/8/1,24.3776
600596.SH,2006/8/2,23.9573
600596.SH,2006/8/3,24.0507
600596.SH,2006/8/4,24.0974
600596.SH,2006/8/7,24.0974
600596.SH,2006/8/8,23.1867
600596.SH,2006/8/9,22.4862
600596.SH,2006/8/10,22.9065
600596.SH,2006/8/11,23.4436
600596.SH,2006/8/14,23.607
600596.SH,2006/8/15,24.0507
600596.SH,2006/8/16,24.2375
600596.SH,2006/8/17,24.0273
600596.SH,2006/8/18,24.6811
600596.SH,2006/8/21,25.5918
600596.SH,2006/8/22,25.4517
600596.SH,2006/8/23,25.1948
600596.SH,2006/8/24,25.872
600596.SH,2006/8/25,25.9654
600596.SH,2006/8/28,26.2456
600596.SH,2006/8/29,26.4091
600596.SH,2006/8/30,26.3624
600596.SH,2006/8/31,26.339
600596.SH,2006/9/1,25.3583
600596.SH,2006/9/4,25.3583
600596.SH,2006/9/5,25.7085
600596.SH,2006/9/6,25.4517
600596.SH,2006/9/7,26.5725
600596.SH,2006/9/8,27.4832
600596.SH,2006/9/11,27.6466
600596.SH,2006/9/12,28.0202
600596.SH,2006/9/13,27.5299
600596.SH,2006/9/14,27.74
600596.SH,2006/9/15,27.5532
600596.SH,2006/9/18,27.6233
600596.SH,2006/9/19,28.3471
600596.SH,2006/9/20,28.207
600596.SH,2006/9/21,29.1877
600596.SH,2006/9/22,28.8141
600596.SH,2006/9/25,28.8375
600596.SH,2006/9/26,28.7441
600596.SH,2006/9/27,28.0669
600596.SH,2006/9/28,28.5106
600596.SH,2006/9/29,28.674
600596.SH,2006/10/9,30.0517
600596.SH,2006/10/10,30.1217
600596.SH,2006/10/11,29.8882
600596.SH,2006/10/12,31.0791
600596.SH,2006/10/13,31.0791
600596.SH,2006/10/16,30.1684
600596.SH,2006/10/17,30.2618
600596.SH,2006/10/18,30.2852
600596.SH,2006/10/19,30.7522
600596.SH,2006/10/20,30.6121
600596.SH,2006/10/23,29.538
600596.SH,2006/10/24,30.6121
600596.SH,2006/10/25,30.3786
600596.SH,2006/10/26,30.6121
600596.SH,2006/10/27,31.5227
600596.SH,2006/10/30,31.4527
600596.SH,2006/10/31,31.8029
600596.SH,2006/11/1,31.7562
600596.SH,2006/11/2,31.8029
600596.SH,2006/11/3,32.0598
600596.SH,2006/11/6,31.476
600596.SH,2006/11/7,30.6821
600596.SH,2006/11/8,30.5654
600596.SH,2006/11/9,30.5887
600596.SH,2006/11/10,29.4679
600596.SH,2006/11/13,28.4872
600596.SH,2006/11/14,29.3745
600596.SH,2006/11/15,30.2385
600596.SH,2006/11/16,28.9542
600596.SH,2006/11/17,30.5887
600596.SH,2006/11/20,30.7288
600596.SH,2006/11/21,31.406
600596.SH,2006/11/22,32.0831
600596.SH,2006/11/23,32.3167
600596.SH,2006/11/24,32.1532
600596.SH,2006/11/27,32.6436
600596.SH,2006/11/28,33.8578
600596.SH,2006/11/29,35.7024
600596.SH,2006/11/30,37.1268
600596.SH,2006/12/1,39.0415
600596.SH,2006/12/4,39.275
600596.SH,2006/12/5,40.139
600596.SH,2006/12/6,39.3684
600596.SH,2006/12/7,38.4811
600596.SH,2006/12/8,35.9826
600596.SH,2006/12/11,38.2476
600596.SH,2006/12/12,41.073
600596.SH,2006/12/13,40.0923
600596.SH,2006/12/14,43.2912
600596.SH,2006/12/15,43.6415
600596.SH,2006/12/18,43.6181
600596.SH,2006/12/19,44.7623
600596.SH,2006/12/20,44.3653
600596.SH,2006/12/21,42.9877
600596.SH,2006/12/22,40.9796
600596.SH,2006/12/25,40.8628
600596.SH,2006/12/26,43.1745
600596.SH,2006/12/27,42.7075
600596.SH,2006/12/28,41.4232
600596.SH,2006/12/29,42.4506
600596.SH,2007/1/4,44.0618
600596.SH,2007/1/5,45.9765
600596.SH,2007/1/8,46.7004
600596.SH,2007/1/9,49.0354
600596.SH,2007/1/10,49.1054
600596.SH,2007/1/11,50.6932
600596.SH,2007/1/12,50.5765
600596.SH,2007/1/15,55.2699
600596.SH,2007/1/16,57.1612
600596.SH,2007/1/17,62.8587
600596.SH,2007/1/18,66.548
600596.SH,2007/1/19,63.816
600596.SH,2007/1/22,68.346
600596.SH,2007/1/23,63.4658
600596.SH,2007/1/24,59.7064
600596.SH,2007/1/25,61.411
600596.SH,2007/1/26,65.7308
600596.SH,2007/1/29,62.7186
600596.SH,2007/1/30,65.7308
600596.SH,2007/1/31,64.7968
600596.SH,2007/2/1,69.7003
600596.SH,2007/2/2,68.1125
600596.SH,2007/2/5,70.0038
600596.SH,2007/2/6,67.5754
600596.SH,2007/2/7,65.6374
600596.SH,2007/2/8,67.6688
600596.SH,2007/2/9,68.416
600596.SH,2007/2/12,75.2576
600596.SH,2007/2/13,78.4566
600596.SH,2007/2/14,81.7256
600596.SH,2007/2/15,81.3987
600596.SH,2007/2/16,79.4373
600596.SH,2007/2/26,78.2231
600596.SH,2007/2/27,70.4008
600596.SH,2007/2/28,71.4049
600596.SH,2007/3/1,67.6922
600596.SH,2007/3/2,68.8597
600596.SH,2007/3/5,66.3612
600596.SH,2007/3/6,67.949
600596.SH,2007/3/7,70.9846
600596.SH,2007/3/8,73.7866
600596.SH,2007/3/9,75.4678
600596.SH,2007/3/12,72.1521
600596.SH,2007/3/13,70.4475
600596.SH,2007/3/14,67.5988
600596.SH,2007/3/15,67.8556
600596.SH,2007/3/16,69.0465
600596.SH,2007/3/19,67.7856
600596.SH,2007/3/20,66.9917
600596.SH,2007/3/21,68.7896
600596.SH,2007/3/22,70.2373
600596.SH,2007/3/23,72.6891
600596.SH,2007/3/26,72.4323
600596.SH,2007/3/27,74.0201
600596.SH,2007/3/28,73.3429
600596.SH,2007/3/29,70.9846
600596.SH,2007/3/30,70.6343
600596.SH,2007/4/2,75.3744
600596.SH,2007/4/3,75.3744
600596.SH,2007/4/4,75.3744
600596.SH,2007/4/5,75.3744
600596.SH,2007/4/6,75.3744
600596.SH,2007/4/9,75.3744
600596.SH,2007/4/10,82.9165
600596.SH,2007/4/11,82.753
600596.SH,2007/4/12,83.4068
600596.SH,2007/4/13,85.1815
600596.SH,2007/4/16,85.6485
600596.SH,2007/4/17,84.6211
600596.SH,2007/4/18,85.9754
600596.SH,2007/4/19,84.1074
600596.SH,2007/4/20,85.7419
600596.SH,2007/4/23,88.2403
600596.SH,2007/4/24,91.416
600596.SH,2007/4/25,91.416
600596.SH,2007/4/26,89.4312
600596.SH,2007/4/27,85.1581
600596.SH,2007/4/30,82.9865
600596.SH,2007/5/8,83.5703
600596.SH,2007/5/9,79.3906
600596.SH,2007/5/10,80.6048
600596.SH,2007/5/11,81.7023
600596.SH,2007/5/14,82.8931
600596.SH,2007/5/15,78.6201
600596.SH,2007/5/16,81.5388
600596.SH,2007/5/17,85.485
600596.SH,2007/5/18,85.0881
600596.SH,2007/5/21,83.2901
600596.SH,2007/5/22,86.6525
600596.SH,2007/5/23,90.5987
600596.SH,2007/5/24,90.5053
600596.SH,2007/5/25,91.7896
600596.SH,2007/5/28,94.6383
600596.SH,2007/5/29,99.4251
600596.SH,2007/5/30,95.5022
600596.SH,2007/5/31,102.0169
600596.SH,2007/6/1,99.3951
600596.SH,2007/6/4,92.0491
600596.SH,2007/6/5,93.4899
600596.SH,2007/6/6,92.12
600596.SH,2007/6/7,92.2381
600596.SH,2007/6/8,96.4189
600596.SH,2007/6/11,101.0721
600596.SH,2007/6/12,107.6386
600596.SH,2007/6/13,105.3474
600596.SH,2007/6/14,106.5048
600596.SH,2007/6/15,108.3472
600596.SH,2007/6/18,106.8828
600596.SH,2007/6/19,103.694
600596.SH,2007/6/20,105.9616
600596.SH,2007/6/21,106.9064
600596.SH,2007/6/22,106.9772
600596.SH,2007/6/25,109.0322
600596.SH,2007/6/26,106.5285
600596.SH,2007/6/27,111.6777
600596.SH,2007/6/28,106.4812
600596.SH,2007/6/29,102.0169
600596.SH,2007/7/2,98.4975
600596.SH,2007/7/3,101.5682
600596.SH,2007/7/4,99.2061
600596.SH,2007/7/5,93.0884
600596.SH,2007/7/6,96.2299
600596.SH,2007/7/9,99.6785
600596.SH,2007/7/10,98.592
600596.SH,2007/7/11,96.6078
600596.SH,2007/7/12,95.663
600596.SH,2007/7/13,95.4268
600596.SH,2007/7/16,92.2144
600596.SH,2007/7/17,92.5924
600596.SH,2007/7/18,92.0727
600596.SH,2007/7/19,91.3169
600596.SH,2007/7/20,93.7498
600596.SH,2007/7/23,97.033
600596.SH,2007/7/24,98.2613
600596.SH,2007/7/25,97.5054
600596.SH,2007/7/26,98.2613
600596.SH,2007/7/27,97.3873
600596.SH,2007/7/30,101.3083
600596.SH,2007/7/31,103.9538
600596.SH,2007/8/1,97.6944
600596.SH,2007/8/2,98.4266
600596.SH,2007/8/3,100.1745
600596.SH,2007/8/6,101.9697
600596.SH,2007/8/7,100.3871
600596.SH,2007/8/8,97.3165
600596.SH,2007/8/9,98.8518
600596.SH,2007/8/10,100.5289
600596.SH,2007/8/13,104.9695
600596.SH,2007/8/14,105.3474
600596.SH,2007/8/15,109.1503
600596.SH,2007/8/16,104.2609
600596.SH,2007/8/17,100.6233
600596.SH,2007/8/20,102.7728
600596.SH,2007/8/21,107.8748
600596.SH,2007/8/22,107.0009
600596.SH,2007/8/23,110.6148
600596.SH,2007/8/24,109.4102
600596.SH,2007/8/27,112.8588
600596.SH,2007/8/28,109.4338
600596.SH,2007/8/29,106.0088
600596.SH,2007/8/30,107.3316
600596.SH,2007/8/31,108.2528
600596.SH,2007/9/3,108.3236
600596.SH,2007/9/4,105.1112
600596.SH,2007/9/5,111.1817
600596.SH,2007/9/6,112.1974
600596.SH,2007/9/7,107.9457
600596.SH,2007/9/10,108.3945
600596.SH,2007/9/11,104.7569
600596.SH,2007/9/12,101.5209
600596.SH,2007/9/13,101.0013
600596.SH,2007/9/14,99.4423
600596.SH,2007/9/17,102.0169
600596.SH,2007/9/18,100.1273
600596.SH,2007/9/19,99.6785
600596.SH,2007/9/20,101.7335
600596.SH,2007/9/21,99.2297
600596.SH,2007/9/24,97.1984
600596.SH,2007/9/25,94.0096
600596.SH,2007/9/26,96.7968
600596.SH,2007/9/27,101.8044
600596.SH,2007/9/28,103.505
600596.SH,2007/10/8,109.8589
600596.SH,2007/10/9,109.9771
600596.SH,2007/10/10,111.04
600596.SH,2007/10/11,122.1416
600596.SH,2007/10/12,124.2438
600596.SH,2007/10/15,127.8578
600596.SH,2007/10/16,131.8969
600596.SH,2007/10/17,127.3381
600596.SH,2007/10/18,122.6849
600596.SH,2007/10/19,131.3536
600596.SH,2007/10/22,134.9912
600596.SH,2007/10/23,136.5265
600596.SH,2007/10/24,129.2041
600596.SH,2007/10/25,123.2282
600596.SH,2007/10/26,125.2359
600596.SH,2007/10/29,123.3935
600596.SH,2007/10/30,126.724
600596.SH,2007/10/31,129.7238
600596.SH,2007/11/1,129.2986
600596.SH,2007/11/2,119.5434
600596.SH,2007/11/5,122.1416
600596.SH,2007/11/6,117.6065
600596.SH,2007/11/7,120.7244
600596.SH,2007/11/8,119.2835
600596.SH,2007/11/9,121.3621
600596.SH,2007/11/12,123.8423
600596.SH,2007/11/13,124.8816
600596.SH,2007/11/14,123.1809
600596.SH,2007/11/15,120.3228
600596.SH,2007/11/16,117.7246
600596.SH,2007/11/19,117.1577
600596.SH,2007/11/20,120.6535
600596.SH,2007/11/21,122.4251
600596.SH,2007/11/22,119.5197
600596.SH,2007/11/23,120.1102
600596.SH,2007/11/26,124.0076
600596.SH,2007/11/27,123.2045
600596.SH,2007/11/28,118.4332
600596.SH,2007/11/29,116.3782
600596.SH,2007/11/30,109.67
600596.SH,2007/12/3,113.4256
600596.SH,2007/12/4,116.2601
600596.SH,2007/12/5,117.3939
600596.SH,2007/12/6,118.0316
600596.SH,2007/12/7,123.2282
600596.SH,2007/12/10,129.7238
600596.SH,2007/12/11,138.6051
600596.SH,2007/12/12,138.3689
600596.SH,2007/12/13,134.8967
600596.SH,2007/12/14,138.2036
600596.SH,2007/12/17,137.802
600596.SH,2007/12/18,141.2034
600596.SH,2007/12/19,141.9592
600596.SH,2007/12/20,154.2655
600596.SH,2007/12/21,165.1545
600596.SH,2007/12/24,167.989
600596.SH,2007/12/25,165.9576
600596.SH,2007/12/26,160.9973
600596.SH,2007/12/27,158.6825
600596.SH,2007/12/28,158.5644
600596.SH,2008/1/2,165.0128
600596.SH,2008/1/3,158.2337
600596.SH,2008/1/4,161.4697
600596.SH,2008/1/7,168.9811
600596.SH,2008/1/8,177.0357
600596.SH,2008/1/9,183.5549
600596.SH,2008/1/10,184.4761
600596.SH,2008/1/11,176.5632
600596.SH,2008/1/14,181.7834
600596.SH,2008/1/15,178.3584
600596.SH,2008/1/16,196.1919
600596.SH,2008/1/17,191.3261
600596.SH,2008/1/18,198.3886
600596.SH,2008/1/21,194.0188
600596.SH,2008/1/22,181.7598
600596.SH,2008/1/23,196.8296
600596.SH,2008/1/24,199.8767
600596.SH,2008/1/25,189.2002
600596.SH,2008/1/28,180.1536
600596.SH,2008/1/29,179.6339
600596.SH,2008/1/30,173.8941
600596.SH,2008/1/31,162.9815
600596.SH,2008/2/1,162.9815
600596.SH,2008/2/4,172.3588
600596.SH,2008/2/5,168.9338
600596.SH,2008/2/13,172.4297
600596.SH,2008/2/14,175.5476
600596.SH,2008/2/15,184.2163
600596.SH,2008/2/18,190.9245
600596.SH,2008/2/19,190.8536
600596.SH,2008/2/20,186.3658
600596.SH,2008/2/21,205.0023
600596.SH,2008/2/22,205.4511
600596.SH,2008/2/25,197.2784
600596.SH,2008/2/26,189.3419
600596.SH,2008/2/27,200.8215
600596.SH,2008/2/28,199.4515
600596.SH,2008/2/29,205.4275
600596.SH,2008/3/3,207.0337
600596.SH,2008/3/4,206.7502
600596.SH,2008/3/5,194.4912
600596.SH,2008/3/6,195.3652
600596.SH,2008/3/7,187.1925
600596.SH,2008/3/10,179.3505
600596.SH,2008/3/11,186.3421
600596.SH,2008/3/12,182.1849
600596.SH,2008/3/13,170.1385
600596.SH,2008/3/14,173.7996
600596.SH,2008/3/17,160.5013
600596.SH,2008/3/18,160.5013
600596.SH,2008/3/19,164.8239
600596.SH,2008/3/20,168.4614
600596.SH,2008/3/21,164.2806
600596.SH,2008/3/24,167.7056
600596.SH,2008/3/25,174.7208
600596.SH,2008/3/26,171.1541
600596.SH,2008/3/27,167.6819
600596.SH,2008/3/28,170.8235
600596.SH,2008/3/31,160.6194
600596.SH,2008/4/1,151.1476
600596.SH,2008/4/2,144.0851
600596.SH,2008/4/3,142.0065
600596.SH,2008/4/7,156.1079
600596.SH,2008/4/8,160.1234
600596.SH,2008/4/9,153.2971
600596.SH,2008/4/10,158.6353
600596.SH,2008/4/11,161.2572
600596.SH,2008/4/14,155.2339
600596.SH,2008/4/15,151.7617
600596.SH,2008/4/16,145.5259
600596.SH,2008/4/17,133.5757
600596.SH,2008/4/18,132.8601
600596.SH,2008/4/21,132.55
600596.SH,2008/4/22,129.9739
600596.SH,2008/4/23,137.726
600596.SH,2008/4/24,151.4891
600596.SH,2008/4/25,150.7735
600596.SH,2008/4/28,139.9444
600596.SH,2008/4/29,140.4691
600596.SH,2008/4/30,150.5588
600596.SH,2008/5/5,163.3439
600596.SH,2008/5/6,160.577
600596.SH,2008/5/7,157.8578
600596.SH,2008/5/8,167.9475
600596.SH,2008/5/9,174.6979
600596.SH,2008/5/12,178.1565
600596.SH,2008/5/13,171.2392
600596.SH,2008/5/14,169.4264
600596.SH,2008/5/15,169.2594
600596.SH,2008/5/16,157.4046
600596.SH,2008/5/19,162.2944
600596.SH,2008/5/20,150.9882
600596.SH,2008/5/21,155.067
600596.SH,2008/5/22,149.891
600596.SH,2008/5/23,151.0836
600596.SH,2008/5/26,152.8726
600596.SH,2008/5/27,150.2488
600596.SH,2008/5/28,149.3185
600596.SH,2008/5/29,147.8873
600596.SH,2008/5/30,149.6286
600596.SH,2008/6/2,147.124
600596.SH,2008/6/3,142.3773
600596.SH,2008/6/4,143.9755
600596.SH,2008/6/5,143.1406
600596.SH,2008/6/6,139.8489
600596.SH,2008/6/10,128.328
600596.SH,2008/6/11,131.5959
600596.SH,2008/6/12,129.2583
600596.SH,2008/6/13,126.2051
600596.SH,2008/6/16,125.8951
600596.SH,2008/6/17,120.3135
600596.SH,2008/6/18,131.1904
600596.SH,2008/6/19,124.4162
600596.SH,2008/6/20,132.216
600596.SH,2008/6/23,132.0729
600596.SH,2008/6/24,140.6838
600596.SH,2008/6/25,146.1699
600596.SH,2008/6/26,152.5625
600596.SH,2008/6/27,141.6618
600596.SH,2008/6/30,144.1663
600596.SH,2008/7/1,138.4178
600596.SH,2008/7/2,142.3296
600596.SH,2008/7/3,147.7681
600596.SH,2008/7/4,143.6892
600596.SH,2008/7/7,143.6892
600596.SH,2008/7/8,145.3351
600596.SH,2008/7/9,150.7258
600596.SH,2008/7/10,154.0175
600596.SH,2008/7/11,151.513
600596.SH,2008/7/14,156.7367
600596.SH,2008/7/15,150.6543
600596.SH,2008/7/16,144.1424
600596.SH,2008/7/17,141.1131
600596.SH,2008/7/18,144.1901
600596.SH,2008/7/21,146.9809
600596.SH,2008/7/22,145.2397
600596.SH,2008/7/23,139.0857
600596.SH,2008/7/24,139.4673
600596.SH,2008/7/25,134.172
600596.SH,2008/7/28,135.5077
600596.SH,2008/7/29,140.0875
600596.SH,2008/7/30,139.1334
600596.SH,2008/7/31,134.3867
600596.SH,2008/8/1,133.8619
600596.SH,2008/8/4,132.9316
600596.SH,2008/8/5,123.9153
600596.SH,2008/8/6,113.8494
600596.SH,2008/8/7,112.132
600596.SH,2008/8/8,110.2238
600596.SH,2008/8/11,105.1431
600596.SH,2008/8/12,101.1597
600596.SH,2008/8/13,104.523
600596.SH,2008/8/14,107.2183
600596.SH,2008/8/15,107.1706
600596.SH,2008/8/18,100.8496
600596.SH,2008/8/19,104.2129
600596.SH,2008/8/20,110.9155
600596.SH,2008/8/21,106.9321
600596.SH,2008/8/22,100.4203
600596.SH,2008/8/25,96.1745
600596.SH,2008/8/26,86.5618
600596.SH,2008/8/27,85.7269
600596.SH,2008/8/28,89.448
600596.SH,2008/8/29,92.1195
600596.SH,2008/9/1,83.7472
600596.SH,2008/9/2,82.3637
600596.SH,2008/9/3,81.2188
600596.SH,2008/9/4,83.6518
600596.SH,2008/9/5,82.2444
600596.SH,2008/9/8,75.828
600596.SH,2008/9/9,75.0886
600596.SH,2008/9/10,74.4207
600596.SH,2008/9/11,69.674
600596.SH,2008/9/12,68.7199
600596.SH,2008/9/16,67.5273
600596.SH,2008/9/17,66.7401
600596.SH,2008/9/18,62.9475
600596.SH,2008/9/19,69.2447
600596.SH,2008/9/22,74.4446
600596.SH,2008/9/23,71.3437
600596.SH,2008/9/24,72.7272
600596.SH,2008/9/25,76.2335
600596.SH,2008/9/26,78.5234
600596.SH,2008/10/6,71.5584
600596.SH,2008/10/7,71.4391
600596.SH,2008/10/8,68.7199
600596.SH,2008/10/9,68.0759
600596.SH,2008/10/10,63.7108
600596.SH,2008/10/13,67.5034
600596.SH,2008/10/14,65.6667
600596.SH,2008/10/15,67.0979
600596.SH,2008/10/16,63.4007
600596.SH,2008/10/17,64.8558
600596.SH,2008/10/20,67.2172
600596.SH,2008/10/21,69.7217
600596.SH,2008/10/22,69.7456
600596.SH,2008/10/23,70.2465
600596.SH,2008/10/24,69.6502
600596.SH,2008/10/27,65.3328
600596.SH,2008/10/28,68.5529
600596.SH,2008/10/29,68.6961
600596.SH,2008/10/30,66.4062
600596.SH,2008/10/31,63.1622
600596.SH,2008/11/3,62.3274
600596.SH,2008/11/4,61.5641
600596.SH,2008/11/5,64.6411
600596.SH,2008/11/6,62.9714
600596.SH,2008/11/7,62.2796
600596.SH,2008/11/10,65.6667
600596.SH,2008/11/11,63.3292
600596.SH,2008/11/12,63.5438
600596.SH,2008/11/13,68.7199
600596.SH,2008/11/14,72.7272
600596.SH,2008/11/17,73.8005
600596.SH,2008/11/18,69.1731
600596.SH,2008/11/19,75.7326
600596.SH,2008/11/20,76.2574
600596.SH,2008/11/21,73.9198
600596.SH,2008/11/24,73.2281
600596.SH,2008/11/25,71.2006
600596.SH,2008/11/26,71.1767
600596.SH,2008/11/27,71.0098
600596.SH,2008/11/28,69.1015
600596.SH,2008/12/1,72.0831
600596.SH,2008/12/2,74.1583
600596.SH,2008/12/3,81.5766
600596.SH,2008/12/4,84.0573
600596.SH,2008/12/5,86.8957
600596.SH,2008/12/8,87.7783
600596.SH,2008/12/9,85.5123
600596.SH,2008/12/10,86.4425
600596.SH,2008/12/11,83.0554
600596.SH,2008/12/12,80.7179
600596.SH,2008/12/15,80.9087
600596.SH,2008/12/16,82.7453
600596.SH,2008/12/17,83.127
600596.SH,2008/12/18,82.96
600596.SH,2008/12/19,83.5802
600596.SH,2008/12/22,82.3637
600596.SH,2008/12/23,75.8757
600596.SH,2008/12/24,74.9455
600596.SH,2008/12/25,77.3308
600596.SH,2008/12/26,76.2335
600596.SH,2008/12/29,75.2079
600596.SH,2008/12/30,73.5382
600596.SH,2008/12/31,74.7547
600596.SH,2009/1/5,77.4977
600596.SH,2009/1/6,80.5747
600596.SH,2009/1/7,81.3857
600596.SH,2009/1/8,85.8462
600596.SH,2009/1/9,89.448
600596.SH,2009/1/12,88.2792
600596.SH,2009/1/13,85.4646
600596.SH,2009/1/14,90.736
600596.SH,2009/1/15,92.5011
600596.SH,2009/1/16,95.1011
600596.SH,2009/1/19,93.9323
600596.SH,2009/1/20,93.9562
600596.SH,2009/1/21,95.0295
600596.SH,2009/1/22,95.8405
600596.SH,2009/1/23,94.6002
600596.SH,2009/2/2,95.4827
600596.SH,2009/2/3,100.9212
600596.SH,2009/2/4,102.901
600596.SH,2009/2/5,97.9396
600596.SH,2009/2/6,99.7047
600596.SH,2009/2/9,101.8276
600596.SH,2009/2/10,102.4478
600596.SH,2009/2/11,105.8349
600596.SH,2009/2/12,103.5211
600596.SH,2009/2/13,105.2624
600596.SH,2009/2/16,108.888
600596.SH,2009/2/17,104.9284
600596.SH,2009/2/18,99.8955
600596.SH,2009/2/19,100.1817
600596.SH,2009/2/20,102.4239
600596.SH,2009/2/23,104.1175
600596.SH,2009/2/24,99.2038
600596.SH,2009/2/25,96.8901
600596.SH,2009/2/26,89.1618
600596.SH,2009/2/27,87.4682
600596.SH,2009/3/2,90.7122
600596.SH,2009/3/3,91.547
600596.SH,2009/3/4,96.3891
600596.SH,2009/3/5,96.8901
600596.SH,2009/3/6,96.8901
600596.SH,2009/3/9,103.7597
600596.SH,2009/3/10,96.4846
600596.SH,2009/3/11,91.6663
600596.SH,2009/3/12,88.8994
600596.SH,2009/3/13,89.1856
600596.SH,2009/3/16,88.4939
600596.SH,2009/3/17,92.2865
600596.SH,2009/3/18,93.2883
600596.SH,2009/3/19,94.3378
600596.SH,2009/3/20,96.1268
600596.SH,2009/3/23,96.3414
600596.SH,2009/3/24,96.8424
600596.SH,2009/3/25,94.3855
600596.SH,2009/3/26,94.4332
600596.SH,2009/3/27,96.3414
600596.SH,2009/3/30,94.9341
600596.SH,2009/3/31,94.0993
600596.SH,2009/4/1,97.3433
600596.SH,2009/4/2,98.3212
600596.SH,2009/4/3,97.0809
600596.SH,2009/4/7,93.98
600596.SH,2009/4/8,90.1874
600596.SH,2009/4/9,90.6406
600596.SH,2009/4/10,92.5727
600596.SH,2009/4/13,95.9359
600596.SH,2009/4/14,95.1249
600596.SH,2009/4/15,93.813
600596.SH,2009/4/16,96.8662
600596.SH,2009/4/17,96.1506
600596.SH,2009/4/20,97.4864
600596.SH,2009/4/21,95.5782
600596.SH,2009/4/22,93.3837
600596.SH,2009/4/23,93.3837
600596.SH,2009/4/24,93.5268
600596.SH,2009/4/27,90.5691
600596.SH,2009/4/28,88.303
600596.SH,2009/4/29,87.5398
600596.SH,2009/4/30,89.1856
600596.SH,2009/5/4,92.5966
600596.SH,2009/5/5,92.3103
600596.SH,2009/5/6,92.1911
600596.SH,2009/5/7,90.6168
600596.SH,2009/5/8,91.6663
600596.SH,2009/5/11,93.2167
600596.SH,2009/5/12,94.4571
600596.SH,2009/5/13,94.4809
600596.SH,2009/5/14,92.3219
600596.SH,2009/5/15,90.8744
600596.SH,2009/5/18,90.2611
600596.SH,2009/5/19,91.5123
600596.SH,2009/5/20,89.8194
600596.SH,2009/5/21,87.5132
600596.SH,2009/5/22,87.9058
600596.SH,2009/5/25,86.1148
600596.SH,2009/5/26,86.0166
600596.SH,2009/5/27,86.4828
600596.SH,2009/6/1,88.8381
600596.SH,2009/6/2,91.0461
600596.SH,2009/6/3,90.7763
600596.SH,2009/6/4,90.5555
600596.SH,2009/6/5,92.0766
600596.SH,2009/6/8,89.2552
600596.SH,2009/6/9,87.6604
600596.SH,2009/6/10,89.6477
600596.SH,2009/6/11,93.1561
600596.SH,2009/6/12,91.1443
600596.SH,2009/6/15,95.4132
600596.SH,2009/6/16,96.2474
600596.SH,2009/6/17,94.7508
600596.SH,2009/6/18,93.9657
600596.SH,2009/6/19,93.3769
600596.SH,2009/6/22,92.5427
600596.SH,2009/6/23,93.0334
600596.SH,2009/6/24,92.9843
600596.SH,2009/6/25,91.5614
600596.SH,2009/6/26,89.9421
600596.SH,2009/6/29,90.3101
600596.SH,2009/6/30,90.7272
600596.SH,2009/7/1,89.893
600596.SH,2009/7/2,92.5427
600596.SH,2009/7/3,90.5309
600596.SH,2009/7/6,93.0579
600596.SH,2009/7/7,94.4809
600596.SH,2009/7/8,93.6468
600596.SH,2009/7/9,94.6527
600596.SH,2009/7/10,100.2464
600596.SH,2009/7/13,105.6194
600596.SH,2009/7/14,105.4722
600596.SH,2009/7/15,107.8275
600596.SH,2009/7/16,107.6803
600596.SH,2009/7/17,107.6557
600596.SH,2009/7/20,106.2082
600596.SH,2009/7/21,103.0433
600596.SH,2009/7/22,107.6312
600596.SH,2009/7/23,106.6253
600596.SH,2009/7/24,106.4536
600596.SH,2009/7/27,106.6253
600596.SH,2009/7/28,110.9433
600596.SH,2009/7/29,101.5958
600596.SH,2009/7/30,102.1846
600596.SH,2009/7/31,104.1719
600596.SH,2009/8/3,114.5989
600596.SH,2009/8/4,120.1927
600596.SH,2009/8/5,120.2663
600596.SH,2009/8/6,115.1141
600596.SH,2009/8/7,116.0464
600596.SH,2009/8/10,121.4194
600596.SH,2009/8/11,116.0955
600596.SH,2009/8/12,110.3545
600596.SH,2009/8/13,110.3545
600596.SH,2009/8/14,110.3545
600596.SH,2009/8/17,110.3545
600596.SH,2009/8/18,110.3545
600596.SH,2009/8/19,99.5595
600596.SH,2009/8/20,104.0002
600596.SH,2009/8/21,104.1228
600596.SH,2009/8/24,105.4967
600596.SH,2009/8/25,104.6871
600596.SH,2009/8/26,106.2818
600596.SH,2009/8/27,105.9874
600596.SH,2009/8/28,104.8098
600596.SH,2009/8/31,100.2219
600596.SH,2009/9/1,100.2955
600596.SH,2009/9/2,101.0315
600596.SH,2009/9/3,105.9138
600596.SH,2009/9/4,106.6989
600596.SH,2009/9/7,107.3368
600596.SH,2009/9/8,107.9992
600596.SH,2009/9/9,105.9138
600596.SH,2009/9/10,104.3927
600596.SH,2009/9/11,105.7421
600596.SH,2009/9/14,108.22
600596.SH,2009/9/15,111.6793
600596.SH,2009/9/16,113.3477
600596.SH,2009/9/17,113.6175
600596.SH,2009/9/18,108.7598
600596.SH,2009/9/21,110.379
600596.SH,2009/9/22,111.8266
600596.SH,2009/9/23,109.962
600596.SH,2009/9/24,109.0051
600596.SH,2009/9/25,106.8216
600596.SH,2009/9/28,106.6989
600596.SH,2009/9/29,107.6557
600596.SH,2009/9/30,109.1033
600596.SH,2009/10/9,112.2191
600596.SH,2009/10/12,110.5017
600596.SH,2009/10/13,110.9679
600596.SH,2009/10/14,110.1828
600596.SH,2009/10/15,109.3731
600596.SH,2009/10/16,104.7607
600596.SH,2009/10/19,104.6135
600596.SH,2009/10/20,112.7343
600596.SH,2009/10/21,109.0787
600596.SH,2009/10/22,109.1278
600596.SH,2009/10/23,108.3427
600596.SH,2009/10/26,107.9747
600596.SH,2009/10/27,106.8707
600596.SH,2009/10/28,106.38
600596.SH,2009/10/29,105.5213
600596.SH,2009/10/30,105.2269
600596.SH,2009/11/2,106.9197
600596.SH,2009/11/3,107.1896
600596.SH,2009/11/4,109.3977
600596.SH,2009/11/5,107.9502
600596.SH,2009/11/6,109.1769
600596.SH,2009/11/9,107.9992
600596.SH,2009/11/10,109.3977
600596.SH,2009/11/11,110.4036
600596.SH,2009/11/12,108.0728
600596.SH,2009/11/13,105.4967
600596.SH,2009/11/16,107.5085
600596.SH,2009/11/17,107.9256
600596.SH,2009/11/18,109.2505
600596.SH,2009/11/19,113.6911
600596.SH,2009/11/20,112.489
600596.SH,2009/11/23,115.7029
600596.SH,2009/11/24,110.7716
600596.SH,2009/11/25,116.488
600596.SH,2009/11/26,111.3359
600596.SH,2009/11/27,112.0719
600596.SH,2009/11/30,115.0651
600596.SH,2009/12/1,121.4439
600596.SH,2009/12/2,122.1064
600596.SH,2009/12/3,124.4371
600596.SH,2009/12/4,120.3154
600596.SH,2009/12/7,120.0455
600596.SH,2009/12/8,116.6107
600596.SH,2009/12/9,113.5194
600596.SH,2009/12/10,114.5744
600596.SH,2009/12/11,115.3595
600596.SH,2009/12/14,115.2613
600596.SH,2009/12/15,114.28
600596.SH,2009/12/16,115.3349
600596.SH,2009/12/17,110.3545
600596.SH,2009/12/18,108.4163
600596.SH,2009/12/21,107.9502
600596.SH,2009/12/22,103.0188
600596.SH,2009/12/23,106.0365
600596.SH,2009/12/24,109.0787
600596.SH,2009/12/25,107.7539
600596.SH,2009/12/28,108.5635
600596.SH,2009/12/29,110.0356
600596.SH,2009/12/30,110.1092
600596.SH,2009/12/31,110.6734
600596.SH,2010/1/4,112.3418
600596.SH,2010/1/5,112.0719
600596.SH,2010/1/6,113.8629
600596.SH,2010/1/7,112.2436
600596.SH,2010/1/8,112.7588
600596.SH,2010/1/11,113.8874
600596.SH,2010/1/12,115.5557
600596.SH,2010/1/13,114.9424
600596.SH,2010/1/14,119.8247
600596.SH,2010/1/15,119.2359
600596.SH,2010/1/18,123.8728
600596.SH,2010/1/19,119.7265
600596.SH,2010/1/20,114.5008
600596.SH,2010/1/21,113.3477
600596.SH,2010/1/22,108.7843
600596.SH,2010/1/25,109.4713
600596.SH,2010/1/26,105.2759
600596.SH,2010/1/27,104.5644
600596.SH,2010/1/28,104.6871
600596.SH,2010/1/29,105.4722
600596.SH,2010/2/1,101.694
600596.SH,2010/2/2,100.1974
600596.SH,2010/2/3,101.8412
600596.SH,2010/2/4,100.2955
600596.SH,2010/2/5,96.4191
600596.SH,2010/2/8,94.2356
600596.SH,2010/2/9,94.7753
600596.SH,2010/2/10,97.057
600596.SH,2010/2/11,95.6831
600596.SH,2010/2/12,97.2533
600596.SH,2010/2/22,97.6458
600596.SH,2010/2/23,96.0756
600596.SH,2010/2/24,98.8725
600596.SH,2010/2/25,101.2278
600596.SH,2010/2/26,100.0256
600596.SH,2010/3/1,101.007
600596.SH,2010/3/2,99.6086
600596.SH,2010/3/3,100.1974
600596.SH,2010/3/4,95.5114
600596.SH,2010/3/5,96.0511
600596.SH,2010/3/8,96.5663
600596.SH,2010/3/9,95.6586
600596.SH,2010/3/10,94.4073
600596.SH,2010/3/11,94.4564
600596.SH,2010/3/12,93.7694
600596.SH,2010/3/15,91.8558
600596.SH,2010/3/16,91.3406
600596.SH,2010/3/17,94.1374
600596.SH,2010/3/18,94.9225
600596.SH,2010/3/19,96.0756
600596.SH,2010/3/22,95.9039
600596.SH,2010/3/23,94.6036
600596.SH,2010/3/24,94.6036
600596.SH,2010/3/25,104.0492
600596.SH,2010/3/26,106.5026
600596.SH,2010/3/29,103.8039
600596.SH,2010/3/30,104.6381
600596.SH,2010/3/31,104.0002
600596.SH,2010/4/1,105.3986
600596.SH,2010/4/2,106.9688
600596.SH,2010/4/6,106.3554
600596.SH,2010/4/7,102.6017
600596.SH,2010/4/8,102.9697
600596.SH,2010/4/9,104.8834
600596.SH,2010/4/12,103.853
600596.SH,2010/4/13,106.061
600596.SH,2010/4/14,105.4722
600596.SH,2010/4/15,105.4722
600596.SH,2010/4/16,104.2455
600596.SH,2010/4/19,97.376
600596.SH,2010/4/20,96.5909
600596.SH,2010/4/21,99.0933
600596.SH,2010/4/22,97.5477
600596.SH,2010/4/23,99.0443
600596.SH,2010/4/26,98.7989
600596.SH,2010/4/27,93.9166
600596.SH,2010/4/28,92.8371
600596.SH,2010/4/29,91.2915
600596.SH,2010/4/30,84.7434
600596.SH,2010/5/4,77.1585
600596.SH,2010/5/5,80.8691
600596.SH,2010/5/6,81.0874
600596.SH,2010/5/7,78.4135
600596.SH,2010/5/10,74.1573
600596.SH,2010/5/11,71.6472
600596.SH,2010/5/12,71.7017
600596.SH,2010/5/13,72.1928
600596.SH,2010/5/14,71.2652
600596.SH,2010/5/17,64.1169
600596.SH,2010/5/18,65.9722
600596.SH,2010/5/19,64.8808
600596.SH,2010/5/20,65.0991
600596.SH,2010/5/21,67.6092
600596.SH,2010/5/24,71.6472
600596.SH,2010/5/25,69.901
600596.SH,2010/5/26,71.4835
600596.SH,2010/5/27,71.7017
600596.SH,2010/5/28,70.665
600596.SH,2010/5/31,65.9176
600596.SH,2010/6/1,64.0077
600596.SH,2010/6/2,65.1536
600596.SH,2010/6/3,65.7539
600596.SH,2010/6/4,66.627
600596.SH,2010/6/7,65.481
600596.SH,2010/6/8,67.3909
600596.SH,2010/6/9,70.0647
600596.SH,2010/6/10,73.3933
600596.SH,2010/6/11,71.92
600596.SH,2010/6/17,73.2842
600596.SH,2010/6/18,70.283
600596.SH,2010/6/21,72.8477
600596.SH,2010/6/22,72.302
600596.SH,2010/6/23,70.1193
600596.SH,2010/6/24,65.6447
600596.SH,2010/6/25,62.207
600596.SH,2010/6/28,62.2616
600596.SH,2010/6/29,56.8594
600596.SH,2010/6/30,53.9127
600596.SH,2010/7/1,52.2211
600596.SH,2010/7/2,52.6577
600596.SH,2010/7/5,51.6209
600596.SH,2010/7/6,53.367
600596.SH,2010/7/7,53.4762
600596.SH,2010/7/8,52.8759
600596.SH,2010/7/9,54.9495
600596.SH,2010/7/12,56.0954
600596.SH,2010/7/13,54.4584
600596.SH,2010/7/14,54.8404
600596.SH,2010/7/15,53.3125
600596.SH,2010/7/16,53.5853
600596.SH,2010/7/19,55.2223
600596.SH,2010/7/20,60.7337
600596.SH,2010/7/21,63.2438
600596.SH,2010/7/22,63.844
600596.SH,2010/7/23,65.7539
600596.SH,2010/7/26,65.3173
600596.SH,2010/7/27,64.4443
600596.SH,2010/7/28,66.627
600596.SH,2010/7/29,66.4633
600596.SH,2010/7/30,65.4265
600596.SH,2010/8/2,71.2106
600596.SH,2010/8/3,68.3186
600596.SH,2010/8/4,69.0279
600596.SH,2010/8/5,70.9378
600596.SH,2010/8/6,76.5583
600596.SH,2010/8/9,77.7587
600596.SH,2010/8/10,73.7753
600596.SH,2010/8/11,75.7943
600596.SH,2010/8/12,73.4479
600596.SH,2010/8/13,74.4301
600596.SH,2010/8/16,76.0126
600596.SH,2010/8/17,74.9758
600596.SH,2010/8/18,75.5215
600596.SH,2010/8/19,76.2854
600596.SH,2010/8/20,73.0114
600596.SH,2010/8/23,71.6472
600596.SH,2010/8/24,71.8654
600596.SH,2010/8/25,69.0825
600596.SH,2010/8/26,69.1916
600596.SH,2010/8/27,69.7373
600596.SH,2010/8/30,72.4111
600596.SH,2010/8/31,74.5938
600596.SH,2010/9/1,72.684
600596.SH,2010/9/2,73.2842
600596.SH,2010/9/3,72.7931
600596.SH,2010/9/6,74.3756
600596.SH,2010/9/7,73.7207
600596.SH,2010/9/8,73.3388
600596.SH,2010/9/9,76.2308
600596.SH,2010/9/10,79.9414
600596.SH,2010/9/13,79.3958
600596.SH,2010/9/14,77.9224
600596.SH,2010/9/15,76.1217
600596.SH,2010/9/16,72.2474
600596.SH,2010/9/17,71.1561
600596.SH,2010/9/20,70.8287
600596.SH,2010/9/21,73.5025
600596.SH,2010/9/27,74.2118
600596.SH,2010/9/28,71.538
600596.SH,2010/9/29,70.7195
600596.SH,2010/9/30,71.9746
600596.SH,2010/10/8,74.1573
600596.SH,2010/10/11,78.2498
600596.SH,2010/10/12,80.8691
600596.SH,2010/10/13,78.4681
600596.SH,2010/10/14,74.5938
600596.SH,2010/10/15,75.7397
600596.SH,2010/10/18,82.9427
600596.SH,2010/10/19,84.4705
600596.SH,2010/10/20,92.9285
600596.SH,2010/10/21,97.5668
600596.SH,2010/10/22,94.8384
600596.SH,2010/10/25,95.4932
600596.SH,2010/10/26,98.167
600596.SH,2010/10/27,92.1646
600596.SH,2010/10/28,90.5821
600596.SH,2010/10/29,91.6189
600596.SH,2010/11/1,93.8016
600596.SH,2010/11/2,90.5275
600596.SH,2010/11/3,87.5263
600596.SH,2010/11/4,90.5821
600596.SH,2010/11/5,94.2927
600596.SH,2010/11/8,97.7305
600596.SH,2010/11/9,94.9475
600596.SH,2010/11/10,104.4423
600596.SH,2010/11/11,99.3675
600596.SH,2010/11/12,89.4362
600596.SH,2010/11/15,92.0554
600596.SH,2010/11/16,85.1254
600596.SH,2010/11/17,82.4515
600596.SH,2010/11/18,85.2891
600596.SH,2010/11/19,86.9261
600596.SH,2010/11/22,87.69
600596.SH,2010/11/23,91.0732
600596.SH,2010/11/24,92.492
600596.SH,2010/11/25,92.492
600596.SH,2010/11/26,90.473
600596.SH,2010/11/29,90.473
600596.SH,2010/11/30,85.8893
600596.SH,2010/12/1,86.5441
600596.SH,2010/12/2,85.8893
600596.SH,2010/12/3,85.3436
600596.SH,2010/12/6,82.8881
600596.SH,2010/12/7,86.053
600596.SH,2010/12/8,84.5251
600596.SH,2010/12/9,81.3602
600596.SH,2010/12/10,81.9604
600596.SH,2010/12/13,84.7434
600596.SH,2010/12/14,85.8893
600596.SH,2010/12/15,86.8715
600596.SH,2010/12/16,85.8347
600596.SH,2010/12/17,86.2713
600596.SH,2010/12/20,88.9451
600596.SH,2010/12/21,89.2179
600596.SH,2010/12/22,87.5263
600596.SH,2010/12/23,85.0162
600596.SH,2010/12/24,83.8703
600596.SH,2010/12/27,81.6876
600596.SH,2010/12/28,81.5785
600596.SH,2010/12/29,82.1241
600596.SH,2010/12/30,81.9059
600596.SH,2010/12/31,83.0518
600596.SH,2011/1/4,84.034
600596.SH,2011/1/5,83.3792
600596.SH,2011/1/6,81.633
600596.SH,2011/1/7,82.4515
600596.SH,2011/1/10,80.378
600596.SH,2011/1/11,79.0684
600596.SH,2011/1/12,78.2498
600596.SH,2011/1/13,78.8501
600596.SH,2011/1/14,78.2498
600596.SH,2011/1/17,73.6662
600596.SH,2011/1/18,72.5203
600596.SH,2011/1/19,74.1573
600596.SH,2011/1/20,68.7005
600596.SH,2011/1/21,67.2818
600596.SH,2011/1/24,64.2806
600596.SH,2011/1/25,64.9354
600596.SH,2011/1/26,65.9176
600596.SH,2011/1/27,67.0635
600596.SH,2011/1/28,68.3731
600596.SH,2011/1/31,69.0825
600596.SH,2011/2/1,69.8464
600596.SH,2011/2/9,73.7207
600596.SH,2011/2/10,75.1941
600596.SH,2011/2/11,74.5393
600596.SH,2011/2/14,75.7943
600596.SH,2011/2/15,74.8121
600596.SH,2011/2/16,75.3578
600596.SH,2011/2/17,77.9224
600596.SH,2011/2/18,76.2854
600596.SH,2011/2/21,77.7587
600596.SH,2011/2/22,78.359
600596.SH,2011/2/23,81.7967
600596.SH,2011/2/24,83.4883
600596.SH,2011/2/25,83.4338
600596.SH,2011/2/28,84.4705
600596.SH,2011/3/1,82.9972
600596.SH,2011/3/2,82.2878
600596.SH,2011/3/3,81.633
600596.SH,2011/3/4,81.6876
600596.SH,2011/3/7,83.2155
600596.SH,2011/3/8,82.5607
600596.SH,2011/3/9,81.8513
600596.SH,2011/3/10,79.2866
600596.SH,2011/3/11,79.0138
600596.SH,2011/3/14,79.9414
600596.SH,2011/3/15,76.9948
600596.SH,2011/3/16,77.1585
600596.SH,2011/3/17,74.0481
600596.SH,2011/3/18,74.2664
600596.SH,2011/3/21,73.939
600596.SH,2011/3/22,73.4479
600596.SH,2011/3/23,75.1941
600596.SH,2011/3/24,74.3756
600596.SH,2011/3/25,76.2308
600596.SH,2011/3/28,77.3768
600596.SH,2011/3/29,74.7575
600596.SH,2011/3/30,75.7943
600596.SH,2011/3/31,73.4479
600596.SH,2011/4/1,73.8844
600596.SH,2011/4/6,72.2474
600596.SH,2011/4/7,73.5025
600596.SH,2011/4/8,74.0481
600596.SH,2011/4/11,74.5938
600596.SH,2011/4/12,75.2486
600596.SH,2011/4/13,76.5583
600596.SH,2011/4/14,76.3945
600596.SH,2011/4/15,78.9592
600596.SH,2011/4/18,78.2498
600596.SH,2011/4/19,79.5049
600596.SH,2011/4/20,77.3768
600596.SH,2011/4/21,78.359
600596.SH,2011/4/22,75.4123
600596.SH,2011/4/25,72.8477
600596.SH,2011/4/26,71.2106
600596.SH,2011/4/27,67.1726
600596.SH,2011/4/28,66.4087
600596.SH,2011/4/29,68.0457
600596.SH,2011/5/3,67.7183
600596.SH,2011/5/4,67.7183
600596.SH,2011/5/5,65.6993
600596.SH,2011/5/6,66.1359
600596.SH,2011/5/9,66.8452
600596.SH,2011/5/10,67.3909
600596.SH,2011/5/11,66.4087
600596.SH,2011/5/12,64.6625
600596.SH,2011/5/13,65.2628
600596.SH,2011/5/16,66.2996
600596.SH,2011/5/17,66.4633
600596.SH,2011/5/18,66.7361
600596.SH,2011/5/19,66.5178
600596.SH,2011/5/20,67.3909
600596.SH,2011/5/23,64.4443
600596.SH,2011/5/24,64.8808
600596.SH,2011/5/25,62.8997
600596.SH,2011/5/26,62.4044
600596.SH,2011/5/27,60.9736
600596.SH,2011/5/30,58.4422
600596.SH,2011/5/31,59.763
600596.SH,2011/6/1,60.8086
600596.SH,2011/6/2,59.3227
600596.SH,2011/6/3,60.7535
600596.SH,2011/6/7,60.7535
600596.SH,2011/6/8,60.7535
600596.SH,2011/6/9,59.5979
600596.SH,2011/6/10,60.2582
600596.SH,2011/6/13,59.818
600596.SH,2011/6/14,60.5334
600596.SH,2011/6/15,60.8636
600596.SH,2011/6/16,58.2772
600596.SH,2011/6/17,57.2316
600596.SH,2011/6/20,54.9753
600596.SH,2011/6/21,54.9203
600596.SH,2011/6/22,54.425
600596.SH,2011/6/23,55.2505
600596.SH,2011/6/24,56.9564
600596.SH,2011/6/27,57.6168
600596.SH,2011/6/28,57.2866
600596.SH,2011/6/29,57.1765
600596.SH,2011/6/30,57.8919
600596.SH,2011/7/1,59.2677
600596.SH,2011/7/4,60.4233
600596.SH,2011/7/5,60.3133
600596.SH,2011/7/6,60.3683
600596.SH,2011/7/7,60.3683
600596.SH,2011/7/8,59.4878
600596.SH,2011/7/11,59.9281
600596.SH,2011/7/12,57.8369
600596.SH,2011/7/13,60.6435
600596.SH,2011/7/14,61.3038
600596.SH,2011/7/15,61.5239
600596.SH,2011/7/18,61.7991
600596.SH,2011/7/19,60.8636
600596.SH,2011/7/20,62.0743
600596.SH,2011/7/21,61.9642
600596.SH,2011/7/22,60.7535
600596.SH,2011/7/25,57.3416
600596.SH,2011/7/26,57.7269
600596.SH,2011/7/27,63.505
600596.SH,2011/7/28,62.9547
600596.SH,2011/7/29,61.2488
600596.SH,2011/8/1,60.8636
600596.SH,2011/8/2,58.8825
600596.SH,2011/8/3,59.4878
600596.SH,2011/8/4,58.9926
600596.SH,2011/8/5,56.9564
600596.SH,2011/8/8,53.8197
600596.SH,2011/8/9,52.7741
600596.SH,2011/8/10,52.9942
600596.SH,2011/8/11,53.7096
600596.SH,2011/8/12,54.5901
600596.SH,2011/8/15,55.3605
600596.SH,2011/8/16,54.5351
600596.SH,2011/8/17,55.8008
600596.SH,2011/8/18,54.1499
600596.SH,2011/8/19,53.2694
600596.SH,2011/8/22,53.0493
600596.SH,2011/8/23,54.315
600596.SH,2011/8/24,54.0398
600596.SH,2011/8/25,56.186
600596.SH,2011/8/26,56.186
600596.SH,2011/8/29,55.6907
600596.SH,2011/8/30,55.2505
600596.SH,2011/8/31,55.2505
600596.SH,2011/9/1,55.3055
600596.SH,2011/9/2,54.6452
600596.SH,2011/9/5,53.5445
600596.SH,2011/9/6,52.1688
600596.SH,2011/9/7,54.2599
600596.SH,2011/9/8,54.37
600596.SH,2011/9/9,56.0759
600596.SH,2011/9/13,55.9659
600596.SH,2011/9/14,57.4517
600596.SH,2011/9/15,58.8825
600596.SH,2011/9/16,59.9831
600596.SH,2011/9/19,57.5618
600596.SH,2011/9/20,60.6985
600596.SH,2011/9/21,61.4139
600596.SH,2011/9/22,60.4233
600596.SH,2011/9/23,58.8825
600596.SH,2011/9/26,57.4517
600596.SH,2011/9/27,58.2221
600596.SH,2011/9/28,55.5807
600596.SH,2011/9/29,53.1593
600596.SH,2011/9/30,53.4895
600596.SH,2011/10/10,52.9942
600596.SH,2011/10/11,53.5996
600596.SH,2011/10/12,56.131
600596.SH,2011/10/13,56.186
600596.SH,2011/10/14,55.3605
600596.SH,2011/10/17,55.4706
600596.SH,2011/10/18,53.4345
600596.SH,2011/10/19,56.8464
600596.SH,2011/10/20,55.1404
600596.SH,2011/10/21,54.5901
600596.SH,2011/10/24,55.9109
600596.SH,2011/10/25,57.6168
600596.SH,2011/10/26,57.2866
600596.SH,2011/10/27,57.2316
600596.SH,2011/10/28,57.7819
600596.SH,2011/10/31,57.0115
600596.SH,2011/11/1,57.3967
600596.SH,2011/11/2,57.5067
600596.SH,2011/11/3,58.4422
600596.SH,2011/11/4,59.5429
600596.SH,2011/11/7,58.6624
600596.SH,2011/11/8,57.0665
600596.SH,2011/11/9,58.057
600596.SH,2011/11/10,57.0665
600596.SH,2011/11/11,56.7913
600596.SH,2011/11/14,58.7174
600596.SH,2011/11/15,58.8275
600596.SH,2011/11/16,56.7913
600596.SH,2011/11/17,55.8008
600596.SH,2011/11/18,53.8747
600596.SH,2011/11/21,53.9848
600596.SH,2011/11/22,53.3795
600596.SH,2011/11/23,52.8842
600596.SH,2011/11/24,52.6641
600596.SH,2011/11/25,52.7191
600596.SH,2011/11/28,54.0948
600596.SH,2011/11/29,54.5351
600596.SH,2011/11/30,50.4078
600596.SH,2011/12/1,50.8481
600596.SH,2011/12/2,49.3072
600596.SH,2011/12/5,46.4456
600596.SH,2011/12/6,46.6107
600596.SH,2011/12/7,46.7208
600596.SH,2011/12/8,45.8403
600596.SH,2011/12/9,44.6847
600596.SH,2011/12/12,43.7491
600596.SH,2011/12/13,41.658
600596.SH,2011/12/14,41.2177
600596.SH,2011/12/15,38.4662
600596.SH,2011/12/16,39.4568
600596.SH,2011/12/19,38.136
600596.SH,2011/12/20,38.1911
600596.SH,2011/12/21,36.8703
600596.SH,2011/12/22,35.2194
600596.SH,2011/12/23,35.5496
600596.SH,2011/12/26,35.5496
600596.SH,2011/12/27,34.8342
600596.SH,2011/12/28,35.2194
600596.SH,2011/12/29,35.4396
600596.SH,2011/12/30,35.7697
600596.SH,2012/1/4,34.449
600596.SH,2012/1/5,33.1283
600596.SH,2012/1/6,33.5135
600596.SH,2012/1/9,34.9443
600596.SH,2012/1/10,36.6502
600596.SH,2012/1/11,36.4301
600596.SH,2012/1/12,36.4301
600596.SH,2012/1/13,34.6691
600596.SH,2012/1/16,34.449
600596.SH,2012/1/17,36.7603
600596.SH,2012/1/18,38.2461
600596.SH,2012/1/19,38.1911
600596.SH,2012/1/20,38.4662
600596.SH,2012/1/30,38.026
600596.SH,2012/1/31,36.7053
600596.SH,2012/2/1,36.4301
600596.SH,2012/2/2,37.5307
600596.SH,2012/2/3,38.4662
600596.SH,2012/2/6,39.3467
600596.SH,2012/2/7,37.6408
600596.SH,2012/2/8,38.7414
600596.SH,2012/2/9,38.4662
600596.SH,2012/2/10,40.0071
600596.SH,2012/2/13,40.0071
600596.SH,2012/2/14,39.4017
600596.SH,2012/2/15,40.4473
600596.SH,2012/2/16,40.3923
600596.SH,2012/2/17,39.7319
600596.SH,2012/2/20,39.5668
600596.SH,2012/2/21,40.6124
600596.SH,2012/2/22,43.9142
600596.SH,2012/2/23,43.1438
600596.SH,2012/2/24,43.3089
600596.SH,2012/2/27,43.0888
600596.SH,2012/2/28,42.3184
600596.SH,2012/2/29,42.2633
600596.SH,2012/3/1,42.5935
600596.SH,2012/3/2,43.3639
600596.SH,2012/3/5,43.0337
600596.SH,2012/3/6,41.8231
600596.SH,2012/3/7,41.4929
600596.SH,2012/3/8,41.9882
600596.SH,2012/3/9,42.5935
600596.SH,2012/3/12,42.7586
600596.SH,2012/3/13,43.584
600596.SH,2012/3/14,40.6674
600596.SH,2012/3/15,39.5668
600596.SH,2012/3/16,40.1722
600596.SH,2012/3/19,41.1627
600596.SH,2012/3/20,39.787
600596.SH,2012/3/21,40.2272
600596.SH,2012/3/22,40.0071
600596.SH,2012/3/23,39.4017
600596.SH,2012/3/26,39.3467
600596.SH,2012/3/27,39.2917
600596.SH,2012/3/28,36.7053
600596.SH,2012/3/29,36.32
600596.SH,2012/3/30,35.5496
600596.SH,2012/4/5,36.7053
600596.SH,2012/4/6,37.1455
600596.SH,2012/4/9,37.4757
600596.SH,2012/4/10,38.081
600596.SH,2012/4/11,38.5763
600596.SH,2012/4/12,40.0071
600596.SH,2012/4/13,39.952
600596.SH,2012/4/16,40.3373
600596.SH,2012/4/17,38.7964
600596.SH,2012/4/18,39.5668
600596.SH,2012/4/19,39.6219
600596.SH,2012/4/20,40.6124
600596.SH,2012/4/23,39.1816
600596.SH,2012/4/24,38.6313
600596.SH,2012/4/25,40.9426
600596.SH,2012/4/26,40.4473
600596.SH,2012/4/27,39.3467
600596.SH,2012/5/2,39.2366
600596.SH,2012/5/3,39.2366
600596.SH,2012/5/4,39.1266
600596.SH,2012/5/7,38.3562
600596.SH,2012/5/8,38.1911
600596.SH,2012/5/9,37.5857
600596.SH,2012/5/10,37.8609
600596.SH,2012/5/11,38.081
600596.SH,2012/5/14,37.4757
600596.SH,2012/5/15,37.4757
600596.SH,2012/5/16,35.9348
600596.SH,2012/5/17,36.6502
600596.SH,2012/5/18,35.9348
600596.SH,2012/5/21,35.4946
600596.SH,2012/5/22,36.4851
600596.SH,2012/5/23,36.0449
600596.SH,2012/5/24,35.6046
600596.SH,2012/5/25,35.0543
600596.SH,2012/5/28,35.4946
600596.SH,2012/5/29,36.1612
600596.SH,2012/5/30,36.4944
600596.SH,2012/5/31,36.3833
600596.SH,2012/6/1,36.4944
600596.SH,2012/6/4,34.4947
600596.SH,2012/6/5,34.6614
600596.SH,2012/6/6,34.5503
600596.SH,2012/6/7,34.4392
600596.SH,2012/6/8,33.9393
600596.SH,2012/6/11,34.6614
600596.SH,2012/6/12,36.7722
600596.SH,2012/6/13,36.8833
600596.SH,2012/6/14,35.8834
600596.SH,2012/6/15,35.5501
600596.SH,2012/6/18,36.8277
600596.SH,2012/6/19,37.1055
600596.SH,2012/6/20,38.4386
600596.SH,2012/6/21,37.6054
600596.SH,2012/6/25,36.3833
600596.SH,2012/6/26,36.8833
600596.SH,2012/6/27,36.3833
600596.SH,2012/6/28,34.5503
600596.SH,2012/6/29,34.3836
600596.SH,2012/7/2,34.3836
600596.SH,2012/7/3,35.4946
600596.SH,2012/7/4,35.3279
600596.SH,2012/7/5,36.0501
600596.SH,2012/7/6,38.7719
600596.SH,2012/7/9,38.2164
600596.SH,2012/7/10,40.8827
600596.SH,2012/7/11,42.3269
600596.SH,2012/7/12,42.438
600596.SH,2012/7/13,41.1048
600596.SH,2012/7/16,41.6048
600596.SH,2012/7/17,44.8265
600596.SH,2012/7/18,46.5485
600596.SH,2012/7/19,45.5486
600596.SH,2012/7/20,44.9376
600596.SH,2012/7/23,44.0488
600596.SH,2012/7/24,44.6599
600596.SH,2012/7/25,42.2158
600596.SH,2012/7/26,41.7714
600596.SH,2012/7/27,42.3824
600596.SH,2012/7/30,41.827
600596.SH,2012/7/31,44.3266
600596.SH,2012/8/1,44.5488
600596.SH,2012/8/2,44.6599
600596.SH,2012/8/3,44.6043
600596.SH,2012/8/6,45.4931
600596.SH,2012/8/7,47.8816
600596.SH,2012/8/8,46.4374
600596.SH,2012/8/9,46.604
600596.SH,2012/8/10,45.4375
600596.SH,2012/8/13,45.8263
600596.SH,2012/8/14,45.382
600596.SH,2012/8/15,44.7154
600596.SH,2012/8/16,44.1044
600596.SH,2012/8/17,44.6043
600596.SH,2012/8/20,45.3264
600596.SH,2012/8/21,45.2709
600596.SH,2012/8/22,44.271
600596.SH,2012/8/23,44.1599
600596.SH,2012/8/24,46.1041
600596.SH,2012/8/27,46.7706
600596.SH,2012/8/28,47.5483
600596.SH,2012/8/29,46.7706
600596.SH,2012/8/30,47.2706
600596.SH,2012/8/31,49.2703
600596.SH,2012/9/3,52.3254
600596.SH,2012/9/4,51.881
600596.SH,2012/9/5,51.6032
600596.SH,2012/9/6,50.3257
600596.SH,2012/9/7,52.2143
600596.SH,2012/9/10,51.3811
600596.SH,2012/9/11,51.5477
600596.SH,2012/9/12,52.492
600596.SH,2012/9/13,49.8257
600596.SH,2012/9/14,49.9368
600596.SH,2012/9/17,50.2701
600596.SH,2012/9/18,49.9924
600596.SH,2012/9/19,49.3814
600596.SH,2012/9/20,45.9374
600596.SH,2012/9/21,44.6599
600596.SH,2012/9/24,45.382
600596.SH,2012/9/25,42.438
600596.SH,2012/9/26,44.4377
600596.SH,2012/9/27,47.7149
600596.SH,2012/9/28,49.2147
600596.SH,2012/10/8,50.0479
600596.SH,2012/10/9,50.159
600596.SH,2012/10/10,49.1592
600596.SH,2012/10/11,49.1592
600596.SH,2012/10/12,49.6035
600596.SH,2012/10/15,51.1589
600596.SH,2012/10/16,51.27
600596.SH,2012/10/17,50.77
600596.SH,2012/10/18,50.8256
600596.SH,2012/10/19,50.7145
600596.SH,2012/10/22,50.8811
600596.SH,2012/10/23,48.7148
600596.SH,2012/10/24,49.0481
600596.SH,2012/10/25,48.2149
600596.SH,2012/10/26,46.9373
600596.SH,2012/10/29,46.7706
600596.SH,2012/10/30,51.1033
600596.SH,2012/10/31,51.1033
600596.SH,2012/11/1,51.1033
600596.SH,2012/11/2,51.1033
600596.SH,2012/11/5,51.1033
600596.SH,2012/11/6,47.6594
600596.SH,2012/11/7,47.4928
600596.SH,2012/11/8,47.4928
600596.SH,2012/11/9,47.3261
600596.SH,2012/11/12,45.8263
600596.SH,2012/11/13,43.8822
600596.SH,2012/11/14,44.2155
600596.SH,2012/11/15,43.66
600596.SH,2012/11/16,43.3267
600596.SH,2012/11/19,43.4934
600596.SH,2012/11/20,43.66
600596.SH,2012/11/21,43.7156
600596.SH,2012/11/22,42.1047
600596.SH,2012/11/23,42.3824
600596.SH,2012/11/26,40.2161
600596.SH,2012/11/27,36.6611
600596.SH,2012/11/28,34.9391
600596.SH,2012/11/29,34.3836
600596.SH,2012/11/30,34.7725
600596.SH,2012/12/3,34.6614
600596.SH,2012/12/4,35.3835
600596.SH,2012/12/5,37.2721
600596.SH,2012/12/6,36.7166
600596.SH,2012/12/7,37.8831
600596.SH,2012/12/10,39.1051
600596.SH,2012/12/11,38.9941
600596.SH,2012/12/12,38.883
600596.SH,2012/12/13,37.772
600596.SH,2012/12/14,39.3273
600596.SH,2012/12/17,39.7717
600596.SH,2012/12/18,39.3829
600596.SH,2012/12/19,39.8273
600596.SH,2012/12/20,40.3827
600596.SH,2012/12/21,39.9384
600596.SH,2012/12/24,39.6606
600596.SH,2012/12/25,40.4383
600596.SH,2012/12/26,40.9382
600596.SH,2012/12/27,40.4383
600596.SH,2012/12/28,41.2715
600596.SH,2012/12/31,41.6603
600596.SH,2013/1/4,40.3272
600596.SH,2013/1/7,40.3272
600596.SH,2013/1/8,40.6605
600596.SH,2013/1/9,42.6602
600596.SH,2013/1/10,46.9373
600596.SH,2013/1/11,47.3817
600596.SH,2013/1/14,50.2146
600596.SH,2013/1/15,49.7146
600596.SH,2013/1/16,50.7145
600596.SH,2013/1/17,51.27
600596.SH,2013/1/18,51.5477
600596.SH,2013/1/21,49.7702
600596.SH,2013/1/22,49.548
600596.SH,2013/1/23,51.1033
600596.SH,2013/1/24,53.6585
600596.SH,2013/1/25,52.3809
600596.SH,2013/1/28,55.6026
600596.SH,2013/1/29,57.8801
600596.SH,2013/1/30,57.8801
600596.SH,2013/1/31,56.9913
600596.SH,2013/2/1,57.2135
600596.SH,2013/2/4,55.4915
600596.SH,2013/2/5,57.269
600596.SH,2013/2/6,59.1576
600596.SH,2013/2/7,59.6576
600596.SH,2013/2/8,60.6019
600596.SH,2013/2/18,61.7128
600596.SH,2013/2/19,58.4355
600596.SH,2013/2/20,61.2129
600596.SH,2013/2/21,60.0464
600596.SH,2013/2/22,57.3246
600596.SH,2013/2/25,59.8242
600596.SH,2013/2/26,58.0467
600596.SH,2013/2/27,59.2132
600596.SH,2013/2/28,61.4351
600596.SH,2013/3/1,64.2124
600596.SH,2013/3/4,62.4349
600596.SH,2013/3/5,63.768
600596.SH,2013/3/6,70.156
600596.SH,2013/3/7,70.4337
600596.SH,2013/3/8,70.2115
600596.SH,2013/3/11,67.3231
600596.SH,2013/3/12,65.2123
600596.SH,2013/3/13,66.8787
600596.SH,2013/3/14,68.6562
600596.SH,2013/3/15,68.434
600596.SH,2013/3/18,66.0455
600596.SH,2013/3/19,66.9898
600596.SH,2013/3/20,71.3225
600596.SH,2013/3/21,73.3221
600596.SH,2013/3/22,73.9887
600596.SH,2013/3/25,74.3775
600596.SH,2013/3/26,78.3214
600596.SH,2013/3/27,77.7104
600596.SH,2013/3/28,78.488
600596.SH,2013/3/29,75.8773
600596.SH,2013/4/1,73.5443
600596.SH,2013/4/2,68.6006
600596.SH,2013/4/3,65.9344
600596.SH,2013/4/8,71.0447
600596.SH,2013/4/9,72.9889
600596.SH,2013/4/10,73.6554
600596.SH,2013/4/11,72.2668
600596.SH,2013/4/12,75.7107
600596.SH,2013/4/15,71.8779
600596.SH,2013/4/16,71.5446
600596.SH,2013/4/17,71.3225
600596.SH,2013/4/18,73.9332
600596.SH,2013/4/19,75.3218
600596.SH,2013/4/22,76.8216
600596.SH,2013/4/23,75.0441
600596.SH,2013/4/24,77.9326
600596.SH,2013/4/25,74.7664
600596.SH,2013/4/26,70.3226
600596.SH,2013/5/2,71.1003
600596.SH,2013/5/3,69.2672
600596.SH,2013/5/6,69.9338
600596.SH,2013/5/7,65.6011
600596.SH,2013/5/8,66.6565
600596.SH,2013/5/9,68.3785
600596.SH,2013/5/10,67.5453
600596.SH,2013/5/13,67.4342
600596.SH,2013/5/14,63.768
600596.SH,2013/5/15,63.8236
600596.SH,2013/5/16,63.8236
600596.SH,2013/5/17,64.4346
600596.SH,2013/5/20,67.6563
600596.SH,2013/5/21,69.656
600596.SH,2013/5/22,67.3231
600596.SH,2013/5/23,66.3232
600596.SH,2013/5/24,66.6565
600596.SH,2013/5/27,73.3221
600596.SH,2013/5/28,74.8775
600596.SH,2013/5/29,78.488
600596.SH,2013/5/30,77.9881
600596.SH,2013/5/31,77.4882
600596.SH,2013/6/3,75.4711
600596.SH,2013/6/4,73.7903
600596.SH,2013/6/5,74.4066
600596.SH,2013/6/6,70.7647
600596.SH,2013/6/7,67.7952
600596.SH,2013/6/13,70.4845
600596.SH,2013/6/14,69.364
600596.SH,2013/6/17,69.6441
600596.SH,2013/6/18,68.0193
600596.SH,2013/6/19,70.3165
600596.SH,2013/6/20,66.4505
600596.SH,2013/6/21,64.0412
600596.SH,2013/6/24,61.4078
600596.SH,2013/6/25,58.1021
600596.SH,2013/6/26,59.4468
600596.SH,2013/6/27,60.0631
600596.SH,2013/6/28,59.1106
600596.SH,2013/7/1,62.4164
600596.SH,2013/7/2,67.6831
600596.SH,2013/7/3,68.7476
600596.SH,2013/7/4,68.4675
600596.SH,2013/7/5,67.6831
600596.SH,2013/7/8,66.0022
600596.SH,2013/7/9,65.9462
600596.SH,2013/7/10,66.1143
600596.SH,2013/7/11,67.7391
600596.SH,2013/7/12,67.0668
600596.SH,2013/7/15,68.8597
600596.SH,2013/7/16,73.342
600596.SH,2013/7/17,71.8292
600596.SH,2013/7/18,75.0789
600596.SH,2013/7/19,74.2385
600596.SH,2013/7/22,77.8804
600596.SH,2013/7/23,81.8584
600596.SH,2013/7/24,82.4748
600596.SH,2013/7/25,82.6989
600596.SH,2013/7/26,81.2421
600596.SH,2013/7/29,80.5698
600596.SH,2013/7/30,77.2641
600596.SH,2013/7/31,78.4967
600596.SH,2013/8/1,83.2592
600596.SH,2013/8/2,84.0436
600596.SH,2013/8/5,90.711
600596.SH,2013/8/6,90.7671
600596.SH,2013/8/7,91.4394
600596.SH,2013/8/8,91.1593
600596.SH,2013/8/9,94.9132
600596.SH,2013/8/12,94.1848
600596.SH,2013/8/13,90.655
600596.SH,2013/8/14,91.9437
600596.SH,2013/8/15,87.7975
600596.SH,2013/8/16,85.4443
600596.SH,2013/8/19,89.5344
600596.SH,2013/8/20,89.8146
600596.SH,2013/8/21,88.4699
600596.SH,2013/8/22,89.7585
600596.SH,2013/8/23,85.6124
600596.SH,2013/8/26,87.0131
600596.SH,2013/8/27,85.5003
600596.SH,2013/8/28,83.2031
600596.SH,2013/8/29,83.7074
600596.SH,2013/8/30,80.0655
600596.SH,2013/9/2,82.5308
600596.SH,2013/9/3,85.3883
600596.SH,2013/9/4,85.1642
600596.SH,2013/9/5,83.8195
600596.SH,2013/9/6,80.2896
600596.SH,2013/9/9,79.057
600596.SH,2013/9/10,79.2811
600596.SH,2013/9/11,77.4321
600596.SH,2013/9/12,78.1045
600596.SH,2013/9/13,82.6429
600596.SH,2013/9/16,81.4102
600596.SH,2013/9/17,77.4321
600596.SH,2013/9/18,74.4626
600596.SH,2013/9/23,76.0314
600596.SH,2013/9/24,73.9023
600596.SH,2013/9/25,71.6051
600596.SH,2013/9/26,70.7647
600596.SH,2013/9/27,73.342
600596.SH,2013/9/30,74.7988
600596.SH,2013/10/8,75.8633
600596.SH,2013/10/9,75.0229
600596.SH,2013/10/10,73.0059
600596.SH,2013/10/11,73.5661
600596.SH,2013/10/14,77.208
600596.SH,2013/10/15,75.303
600596.SH,2013/10/16,72.1654
600596.SH,2013/10/17,69.364
600596.SH,2013/10/18,68.5796
600596.SH,2013/10/21,70.1484
600596.SH,2013/10/22,70.3165
600596.SH,2013/10/23,66.5065
600596.SH,2013/10/24,66.8427
600596.SH,2013/10/25,62.2483
600596.SH,2013/10/28,63.2568
600596.SH,2013/10/29,60.7355
600596.SH,2013/10/30,61.0717
600596.SH,2013/10/31,59.6709
600596.SH,2013/11/1,59.2787
600596.SH,2013/11/4,60.3993
600596.SH,2013/11/5,61.8561
600596.SH,2013/11/6,59.839
600596.SH,2013/11/7,58.1021
600596.SH,2013/11/8,58.7745
600596.SH,2013/11/11,59.5029
600596.SH,2013/11/12,61.0156
600596.SH,2013/11/13,58.8305
600596.SH,2013/11/14,59.3348
600596.SH,2013/11/15,60.9596
600596.SH,2013/11/18,62.8086
600596.SH,2013/11/19,63.4249
600596.SH,2013/11/20,63.4809
600596.SH,2013/11/21,63.0327
600596.SH,2013/11/22,68.1874
600596.SH,2013/11/25,66.8427
600596.SH,2013/11/26,66.9547
600596.SH,2013/11/27,66.5625
600596.SH,2013/11/28,66.3944
600596.SH,2013/11/29,67.1228
600596.SH,2013/12/2,62.7525
600596.SH,2013/12/3,64.4894
600596.SH,2013/12/4,66.9547
600596.SH,2013/12/5,67.3469
600596.SH,2013/12/6,66.3944
600596.SH,2013/12/9,67.7952
600596.SH,2013/12/10,67.9632
600596.SH,2013/12/11,70.4285
600596.SH,2013/12/12,69.9803
600596.SH,2013/12/13,70.3165
600596.SH,2013/12/16,68.0753
600596.SH,2013/12/17,66.6746
600596.SH,2013/12/18,65.9462
600596.SH,2013/12/19,65.9462
600596.SH,2013/12/20,65.1058
600596.SH,2013/12/23,61.0717
600596.SH,2013/12/24,61.3518
600596.SH,2013/12/25,61.9681
600596.SH,2013/12/26,59.9511
600596.SH,2013/12/27,59.2227
600596.SH,2013/12/30,58.6624
600596.SH,2013/12/31,59.3348
600596.SH,2014/1/2,61.4078
600596.SH,2014/1/3,60.7915
600596.SH,2014/1/6,56.5893
600596.SH,2014/1/7,56.6454
600596.SH,2014/1/8,56.3652
600596.SH,2014/1/9,55.3567
600596.SH,2014/1/10,52.7233
600596.SH,2014/1/13,52.051
600596.SH,2014/1/14,53.1716
600596.SH,2014/1/15,54.1241
600596.SH,2014/1/16,54.1801
600596.SH,2014/1/17,53.1716
600596.SH,2014/1/20,54.3482
600596.SH,2014/1/21,56.8695
600596.SH,2014/1/22,58.4383
600596.SH,2014/1/23,58.3262
600596.SH,2014/1/24,59.3908
600596.SH,2014/1/27,59.9511
600596.SH,2014/1/28,58.7184
600596.SH,2014/1/29,59.5029
600596.SH,2014/1/30,58.4943
600596.SH,2014/2/7,59.839
600596.SH,2014/2/10,61.2958
600596.SH,2014/2/11,61.8561
600596.SH,2014/2/12,65.7781
600596.SH,2014/2/13,64.6575
600596.SH,2014/2/14,64.8816
600596.SH,2014/2/17,65.3859
600596.SH,2014/2/18,65.8902
600596.SH,2014/2/19,64.3214
600596.SH,2014/2/20,62.4724
600596.SH,2014/2/21,63.1447
600596.SH,2014/2/24,62.4724
600596.SH,2014/2/25,60.5114
600596.SH,2014/2/26,59.6149
600596.SH,2014/2/27,57.3737
600596.SH,2014/2/28,57.878
600596.SH,2014/3/3,61.4639
600596.SH,2014/3/4,61.9681
600596.SH,2014/3/5,61.0156
600596.SH,2014/3/6,59.6149
600596.SH,2014/3/7,59.6709
600596.SH,2014/3/10,57.4858
600596.SH,2014/3/11,62.6965
600596.SH,2014/3/12,64.2653
600596.SH,2014/3/13,65.1618
600596.SH,2014/3/14,68.5796
600596.SH,2014/3/17,69.1399
600596.SH,2014/3/18,67.571
600596.SH,2014/3/19,67.571
600596.SH,2014/3/20,64.9937
600596.SH,2014/3/21,69.9243
600596.SH,2014/3/24,71.7172
600596.SH,2014/3/25,70.7087
600596.SH,2014/3/26,72.8938
600596.SH,2014/3/27,72.2214
600596.SH,2014/3/28,68.2434
600596.SH,2014/3/31,71.8292
600596.SH,2014/4/1,72.6137
600596.SH,2014/4/2,72.7257
600596.SH,2014/4/3,73.342
600596.SH,2014/4/4,76.0875
600596.SH,2014/4/8,75.6392
600596.SH,2014/4/9,77.152
600596.SH,2014/4/10,74.6307
600596.SH,2014/4/11,74.4626
600596.SH,2014/4/14,74.5747
600596.SH,2014/4/15,70.1484
600596.SH,2014/4/16,70.5966
600596.SH,2014/4/17,70.2604
600596.SH,2014/4/18,69.7001
600596.SH,2014/4/21,69.8682
600596.SH,2014/4/22,67.0107
600596.SH,2014/4/23,66.2263
600596.SH,2014/4/24,65.7221
600596.SH,2014/4/25,62.7525
600596.SH,2014/4/28,60.1192
600596.SH,2014/4/29,61.1277
600596.SH,2014/4/30,55.0205
600596.SH,2014/5/5,53.6198
600596.SH,2014/5/6,53.5077
600596.SH,2014/5/7,52.7233
600596.SH,2014/5/8,52.4432
600596.SH,2014/5/9,51.2666
600596.SH,2014/5/12,52.7794
600596.SH,2014/5/13,52.9475
600596.SH,2014/5/14,52.8354
600596.SH,2014/5/15,51.0985
600596.SH,2014/5/16,49.6978
600596.SH,2014/5/19,50.4261
600596.SH,2014/5/20,50.5942
600596.SH,2014/5/21,51.0985
600596.SH,2014/5/22,50.9304
600596.SH,2014/5/23,51.4347
600596.SH,2014/5/26,51.995
600596.SH,2014/5/27,50.9864
600596.SH,2014/5/28,51.2106
600596.SH,2014/5/29,50.0339
600596.SH,2014/5/30,50.3141
600596.SH,2014/6/3,50.3141
600596.SH,2014/6/4,49.8098
600596.SH,2014/6/5,50.3701
600596.SH,2014/6/6,49.7538
600596.SH,2014/6/9,49.2495
600596.SH,2014/6/10,46.6722
600596.SH,2014/6/11,46.7282
600596.SH,2014/6/12,50.5942
600596.SH,2014/6/13,50.6503
600596.SH,2014/6/16,50.3701
600596.SH,2014/6/17,51.6028
600596.SH,2014/6/18,49.9956
600596.SH,2014/6/19,47.9291
600596.SH,2014/6/20,48.3309
600596.SH,2014/6/23,48.1587
600596.SH,2014/6/24,50.7992
600596.SH,2014/6/25,50.34
600596.SH,2014/6/26,50.7992
600596.SH,2014/6/27,52.2342
600596.SH,2014/6/30,52.5212
600596.SH,2014/7/1,51.9472
600596.SH,2014/7/2,51.5454
600596.SH,2014/7/3,52.2916
600596.SH,2014/7/4,53.0378
600596.SH,2014/7/7,52.5786
600596.SH,2014/7/8,52.349
600596.SH,2014/7/9,50.9714
600596.SH,2014/7/10,50.34
600596.SH,2014/7/11,50.9714
600596.SH,2014/7/14,52.349
600596.SH,2014/7/15,52.1768
600596.SH,2014/7/16,51.8324
600596.SH,2014/7/17,52.5786
600596.SH,2014/7/18,50.3974
600596.SH,2014/7/21,49.1345
600596.SH,2014/7/22,49.3067
600596.SH,2014/7/23,48.4457
600596.SH,2014/7/24,48.7901
600596.SH,2014/7/25,49.4216
600596.SH,2014/7/28,50.627
600596.SH,2014/7/29,51.8898
600596.SH,2014/7/30,51.8324
600596.SH,2014/7/31,52.1768
600596.SH,2014/8/1,52.0046
600596.SH,2014/8/4,52.8082
600596.SH,2014/8/5,54.5302
600596.SH,2014/8/6,54.4728
600596.SH,2014/8/7,53.6118
600596.SH,2014/8/8,53.497
600596.SH,2014/8/11,54.9894
600596.SH,2014/8/12,55.1616
600596.SH,2014/8/13,54.3006
600596.SH,2014/8/14,53.4396
600596.SH,2014/8/15,58.7778
600596.SH,2014/8/18,61.7052
600596.SH,2014/8/19,60.8442
600596.SH,2014/8/20,60.1554
600596.SH,2014/8/21,60.672
600596.SH,2014/8/22,59.811
600596.SH,2014/8/25,59.0648
600596.SH,2014/8/26,56.3096
600596.SH,2014/8/27,56.1374
600596.SH,2014/8/28,55.219
600596.SH,2014/8/29,55.9652
600596.SH,2014/9/1,57.1706
600596.SH,2014/9/2,57.5724
600596.SH,2014/9/3,59.0648
600596.SH,2014/9/4,58.95
600596.SH,2014/9/5,58.7778
600596.SH,2014/9/9,59.237
600596.SH,2014/9/10,58.7204
600596.SH,2014/9/11,59.9832
600596.SH,2014/9/12,60.1554
600596.SH,2014/9/15,60.1554
600596.SH,2014/9/16,57.1706
600596.SH,2014/9/17,57.0558
600596.SH,2014/9/18,57.4002
600596.SH,2014/9/19,58.0316
600596.SH,2014/9/22,56.5392
600596.SH,2014/9/23,57.1706
600596.SH,2014/9/24,58.1464
600596.SH,2014/9/25,60.7868
600596.SH,2014/9/26,59.7536
600596.SH,2014/9/29,60.385
600596.SH,2014/9/30,59.9832
600596.SH,2014/10/8,61.3608
600596.SH,2014/10/9,60.8442
600596.SH,2014/10/10,59.7536
600596.SH,2014/10/13,60.2702
600596.SH,2014/10/14,59.9258
600596.SH,2014/10/15,59.8684
600596.SH,2014/10/16,58.376
600596.SH,2014/10/17,57.5724
600596.SH,2014/10/20,58.2038
600596.SH,2014/10/21,57.228
600596.SH,2014/10/22,56.5392
600596.SH,2014/10/23,54.4154
600596.SH,2014/10/24,54.5302
600596.SH,2014/10/27,56.5392
600596.SH,2014/10/28,57.4576
600596.SH,2014/10/29,57.6872
600596.SH,2014/10/30,57.6872
600596.SH,2014/10/31,58.7204
600596.SH,2014/11/3,58.2038
600596.SH,2014/11/4,58.4908
600596.SH,2014/11/5,57.7446
600596.SH,2014/11/6,57.4002
600596.SH,2014/11/7,56.4244
600596.SH,2014/11/10,57.1132
600596.SH,2014/11/11,55.3338
600596.SH,2014/11/12,55.9078
600596.SH,2014/11/13,57.1132
600596.SH,2014/11/14,57.1132
600596.SH,2014/11/17,57.5724
600596.SH,2014/11/18,56.9984
600596.SH,2014/11/19,56.5966
600596.SH,2014/11/20,56.1948
600596.SH,2014/11/21,56.5966
600596.SH,2014/11/24,57.3428
600596.SH,2014/11/25,58.4334
600596.SH,2014/11/26,58.089
600596.SH,2014/11/27,58.8926
600596.SH,2014/11/28,58.4334
600596.SH,2014/12/1,59.811
600596.SH,2014/12/2,60.2702
600596.SH,2014/12/3,61.1886
600596.SH,2014/12/4,62.2792
600596.SH,2014/12/5,59.5814
600596.SH,2014/12/8,59.7536
600596.SH,2014/12/9,60.4998
600596.SH,2014/12/10,63.542
600596.SH,2014/12/11,63.3698
600596.SH,2014/12/12,63.1402
600596.SH,2014/12/15,65.3788
600596.SH,2014/12/16,64.8048
600596.SH,2014/12/17,62.394
600596.SH,2014/12/18,62.394
600596.SH,2014/12/19,61.0738
600596.SH,2014/12/22,59.0074
600596.SH,2014/12/23,59.1222
600596.SH,2014/12/24,61.6478
600596.SH,2014/12/25,61.6478
600596.SH,2014/12/26,61.8774
600596.SH,2014/12/29,60.1554
600596.SH,2014/12/30,59.237
600596.SH,2014/12/31,59.5814
600596.SH,2015/1/5,61.0164
600596.SH,2015/1/6,62.1644
600596.SH,2015/1/7,62.9106
600596.SH,2015/1/8,62.7958
600596.SH,2015/1/9,60.5572
600596.SH,2015/1/12,60.2128
600596.SH,2015/1/13,61.533
600596.SH,2015/1/14,60.2128
600596.SH,2015/1/15,60.7294
600596.SH,2015/1/16,62.5088
600596.SH,2015/1/19,59.1796
600596.SH,2015/1/20,60.2128
600596.SH,2015/1/21,61.82
600596.SH,2015/1/22,63.6568
600596.SH,2015/1/23,62.4514
600596.SH,2015/1/26,65.3214
600596.SH,2015/1/27,64.977
600596.SH,2015/1/28,66.125
600596.SH,2015/1/29,64.4604
600596.SH,2015/1/30,63.542
600596.SH,2015/2/2,63.8864
600596.SH,2015/2/3,65.1492
600596.SH,2015/2/4,63.255
600596.SH,2015/2/5,62.2218
600596.SH,2015/2/6,61.5904
600596.SH,2015/2/9,62.2218
600596.SH,2015/2/10,61.5904
600596.SH,2015/2/11,62.4514
600596.SH,2015/2/12,62.681
600596.SH,2015/2/13,63.255
600596.SH,2015/2/16,63.7716
600596.SH,2015/2/17,63.255
600596.SH,2015/2/25,64.1734
600596.SH,2015/2/26,64.69
600596.SH,2015/2/27,64.2882
600596.SH,2015/3/2,64.977
600596.SH,2015/3/3,64.4604
600596.SH,2015/3/4,65.8954
600596.SH,2015/3/5,67.1582
600596.SH,2015/3/6,66.2972
600596.SH,2015/3/9,67.5026
600596.SH,2015/3/10,67.5026
600596.SH,2015/3/11,69.3394
600596.SH,2015/3/12,67.273
600596.SH,2015/3/13,67.3878
600596.SH,2015/3/16,68.4784
600596.SH,2015/3/17,68.2488
600596.SH,2015/3/18,70.717
600596.SH,2015/3/19,70.6022
600596.SH,2015/3/20,72.2094
600596.SH,2015/3/23,72.7834
600596.SH,2015/3/24,70.6596
600596.SH,2015/3/25,70.8892
600596.SH,2015/3/26,72.3242
600596.SH,2015/3/27,71.7502
600596.SH,2015/3/30,72.8408
600596.SH,2015/3/31,72.4964
600596.SH,2015/4/1,73.4722
600596.SH,2015/4/2,75.5386
600596.SH,2015/4/3,75.7682
600596.SH,2015/4/7,77.3754
600596.SH,2015/4/8,75.1942
600596.SH,2015/4/9,73.2426
600596.SH,2015/4/10,74.6202
600596.SH,2015/4/13,75.8256
600596.SH,2015/4/14,74.6776
600596.SH,2015/4/15,70.43
600596.SH,2015/4/16,71.4632
600596.SH,2015/4/17,72.2668
600596.SH,2015/4/20,71.291
600596.SH,2015/4/21,73.4148
600596.SH,2015/4/22,75.2516
600596.SH,2015/4/23,76.5144
600596.SH,2015/4/24,78.466
600596.SH,2015/4/27,78.8678
600596.SH,2015/4/28,75.7682
600596.SH,2015/4/29,77.605
600596.SH,2015/4/30,76.5718
600596.SH,2015/5/4,76.8014
600596.SH,2015/5/5,73.2426
600596.SH,2015/5/6,71.5206
600596.SH,2015/5/7,71.865
600596.SH,2015/5/8,73.013
600596.SH,2015/5/11,74.448
600596.SH,2015/5/12,74.448
600596.SH,2015/5/13,76.2274
600596.SH,2015/5/14,76.6866
600596.SH,2015/5/15,75.596
600596.SH,2015/5/18,77.031
600596.SH,2015/5/19,78.2364
600596.SH,2015/5/20,78.2364
600596.SH,2015/5/21,83.6895
600596.SH,2015/5/22,85.6985
600596.SH,2015/5/25,87.4779
600596.SH,2015/5/26,89.9461
600596.SH,2015/5/27,88.3389
600596.SH,2015/5/28,84.2635
600596.SH,2015/5/29,84.8949
600596.SH,2015/6/1,93.3901
600596.SH,2015/6/2,102.7463
600596.SH,2015/6/3,104.6979
600596.SH,2015/6/4,113.1931
600596.SH,2015/6/5,110.6101
600596.SH,2015/6/8,106.2477
600596.SH,2015/6/9,107.0513
600596.SH,2015/6/10,110.2657
600596.SH,2015/6/11,111.5859
600596.SH,2015/6/12,118.474
600596.SH,2015/6/15,119.5646
600596.SH,2015/6/16,112.7339
600596.SH,2015/6/17,111.8155
600596.SH,2015/6/18,106.796
600596.SH,2015/6/19,96.1221
600596.SH,2015/6/23,95.0259
600596.SH,2015/6/24,96.8145
600596.SH,2015/6/25,92.6027
600596.SH,2015/6/26,83.3712
600596.SH,2015/6/29,75.5245
600596.SH,2015/6/30,80.4287
600596.SH,2015/7/1,74.9476
600596.SH,2015/7/2,67.447
600596.SH,2015/7/3,60.6966
600596.SH,2015/7/6,55.2731
600596.SH,2015/7/7,49.7343
600596.SH,2015/7/8,49.7343
600596.SH,2015/7/9,49.7343
600596.SH,2015/7/10,49.7343
600596.SH,2015/7/13,54.6961
600596.SH,2015/7/14,60.1773
600596.SH,2015/7/15,54.1769
600596.SH,2015/7/16,56.9463
600596.SH,2015/7/17,61.6197
600596.SH,2015/7/20,63.5237
600596.SH,2015/7/21,63.9853
600596.SH,2015/7/22,65.0815
600596.SH,2015/7/23,67.5624
600596.SH,2015/7/24,65.4854
600596.SH,2015/7/27,58.9657
600596.SH,2015/7/28,56.6578
600596.SH,2015/7/29,60.8697
600596.SH,2015/7/30,58.6772
600596.SH,2015/7/31,58.3887
600596.SH,2015/8/3,57.9848
600596.SH,2015/8/4,62.6582
600596.SH,2015/8/5,61.1004
600596.SH,2015/8/6,62.1967
600596.SH,2015/8/7,63.9853
600596.SH,2015/8/10,66.8701
600596.SH,2015/8/11,66.12
600596.SH,2015/8/12,65.7162
600596.SH,2015/8/13,67.1009
600596.SH,2015/8/14,67.3893
600596.SH,2015/8/17,69.0048
600596.SH,2015/8/18,62.0813
600596.SH,2015/8/19,62.9467
600596.SH,2015/8/20,61.3312
600596.SH,2015/8/21,57.1771
600596.SH,2015/8/24,51.4652
600596.SH,2015/8/25,46.3302
600596.SH,2015/8/26,41.8876
600596.SH,2015/8/27,44.2531
600596.SH,2015/8/28,47.0802
600596.SH,2015/8/31,44.657
600596.SH,2015/9/1,41.4837
600596.SH,2015/9/2,39.8682
600596.SH,2015/9/7,41.0221
600596.SH,2015/9/8,43.5031
600596.SH,2015/9/9,45.2916
600596.SH,2015/9/10,44.2531
600596.SH,2015/9/11,44.5416
600596.SH,2015/9/14,40.099
600596.SH,2015/9/15,37.5026
600596.SH,2015/9/16,41.0798
600596.SH,2015/9/17,40.4451
600596.SH,2015/9/18,40.7336
600596.SH,2015/9/21,42.2914
600596.SH,2015/9/22,42.6953
600596.SH,2015/9/23,41.3106
600596.SH,2015/9/24,42.2337
600596.SH,2015/9/25,40.6759
600596.SH,2015/9/28,41.5991
600596.SH,2015/9/29,40.6759
600596.SH,2015/9/30,40.849
600596.SH,2015/10/8,42.5222
600596.SH,2015/10/9,43.33
600596.SH,2015/10/12,45.5801
600596.SH,2015/10/13,46.2148
600596.SH,2015/10/14,45.5224
600596.SH,2015/10/15,46.8494
600596.SH,2015/10/16,47.311
600596.SH,2015/10/19,47.4841
600596.SH,2015/10/20,48.4072
600596.SH,2015/10/21,44.5416
600596.SH,2015/10/22,46.0417
600596.SH,2015/10/23,47.3687
600596.SH,2015/10/26,52.0998
600596.SH,2015/10/27,54.8115
600596.SH,2015/10/28,55.6193
600596.SH,2015/10/29,57.7541
600596.SH,2015/10/30,54.1769
600596.SH,2015/11/2,51.3498
600596.SH,2015/11/3,51.7536
600596.SH,2015/11/4,54.5808
600596.SH,2015/11/5,53.3691
600596.SH,2015/11/6,54.8692
600596.SH,2015/11/9,55.0423
600596.SH,2015/11/10,55.9078
600596.SH,2015/11/11,56.5424
600596.SH,2015/11/12,54.9269
600596.SH,2015/11/13,52.8499
600596.SH,2015/11/16,53.6576
600596.SH,2015/11/17,59.0234
600596.SH,2015/11/18,57.1194
600596.SH,2015/11/19,57.4656
600596.SH,2015/11/20,59.1965
600596.SH,2015/11/23,58.331
600596.SH,2015/11/24,60.4658
600596.SH,2015/11/25,62.9467
600596.SH,2015/11/26,69.2356
600596.SH,2015/11/27,65.6585
600596.SH,2015/11/30,66.7547
600596.SH,2015/12/1,71.7743
600596.SH,2015/12/2,67.3893
600596.SH,2015/12/3,68.8895
600596.SH,2015/12/4,69.6972
600596.SH,2015/12/7,69.351
600596.SH,2015/12/8,64.043
600596.SH,2015/12/9,61.7351
600596.SH,2015/12/10,63.4083
600596.SH,2015/12/11,61.1581
600596.SH,2015/12/14,60.6966
600596.SH,2015/12/15,61.3312
600596.SH,2015/12/16,60.7543
600596.SH,2015/12/17,62.889
600596.SH,2015/12/18,61.562
600596.SH,2015/12/21,62.4275
600596.SH,2015/12/22,63.1198
600596.SH,2015/12/23,61.2158
600596.SH,2015/12/24,59.4849
600596.SH,2015/12/25,60.4658
